id,previous_score,current_score,reason
black-scholes_claude-opus-4.6_hybrid_r5,10,9,joint distribution rescore; measurements unchanged
black-scholes_gpt-5.6-terra-medium_omp_r1,10,9,joint distribution rescore; measurements unchanged
cahn-hilliard_claude-haiku-4.5_cuda_r1,7,8,joint distribution rescore; measurements unchanged
cahn-hilliard_claude-haiku-4.5_omp_r1,9,6,joint distribution rescore; measurements unchanged
cahn-hilliard_claude-haiku-4.5_omp_r2,9,6,joint distribution rescore; measurements unchanged
cahn-hilliard_claude-haiku-4.5_omp_r3,9,6,joint distribution rescore; measurements unchanged
cahn-hilliard_claude-haiku-4.5_omp_r4,9,6,joint distribution rescore; measurements unchanged
cahn-hilliard_claude-haiku-4.5_omp_r5,9,6,joint distribution rescore; measurements unchanged
cahn-hilliard_claude-opus-4.6_omp_r1,9,6,joint distribution rescore; measurements unchanged
cahn-hilliard_claude-opus-4.6_omp_r2,9,6,joint distribution rescore; measurements unchanged
cahn-hilliard_claude-opus-4.6_omp_r3,9,6,joint distribution rescore; measurements unchanged
cahn-hilliard_claude-opus-4.6_omp_r4,9,6,joint distribution rescore; measurements unchanged
cahn-hilliard_claude-opus-4.6_omp_r5,9,6,joint distribution rescore; measurements unchanged
cahn-hilliard_claude-sonnet-4.5_omp_r1,9,6,joint distribution rescore; measurements unchanged
cahn-hilliard_claude-sonnet-4.5_omp_r2,9,6,joint distribution rescore; measurements unchanged
cahn-hilliard_claude-sonnet-4.5_omp_r3,9,6,joint distribution rescore; measurements unchanged
cahn-hilliard_claude-sonnet-4.5_omp_r4,9,6,joint distribution rescore; measurements unchanged
cahn-hilliard_claude-sonnet-4.5_omp_r5,9,6,joint distribution rescore; measurements unchanged
cahn-hilliard_deepseek-v4-flash_omp_r1,9,6,joint distribution rescore; measurements unchanged
cahn-hilliard_deepseek-v4-flash_omp_r2,9,6,joint distribution rescore; measurements unchanged
cahn-hilliard_deepseek-v4-flash_omp_r3,9,6,joint distribution rescore; measurements unchanged
cahn-hilliard_deepseek-v4-flash_omp_r4,9,6,joint distribution rescore; measurements unchanged
cahn-hilliard_deepseek-v4-flash_omp_r5,9,6,joint distribution rescore; measurements unchanged
cahn-hilliard_gemini-3-pro-preview_omp_r1,9,6,joint distribution rescore; measurements unchanged
cahn-hilliard_gemini-3-pro-preview_omp_r2,9,6,joint distribution rescore; measurements unchanged
cahn-hilliard_gemini-3-pro-preview_omp_r3,9,6,joint distribution rescore; measurements unchanged
cahn-hilliard_gemini-3-pro-preview_omp_r4,9,6,joint distribution rescore; measurements unchanged
cahn-hilliard_gemini-3-pro-preview_omp_r5,9,6,joint distribution rescore; measurements unchanged
cahn-hilliard_gpt-4.1_omp_r1,9,6,joint distribution rescore; measurements unchanged
cahn-hilliard_gpt-4.1_omp_r2,9,6,joint distribution rescore; measurements unchanged
cahn-hilliard_gpt-4.1_omp_r3,9,6,joint distribution rescore; measurements unchanged
cahn-hilliard_gpt-4.1_omp_r4,9,6,joint distribution rescore; measurements unchanged
cahn-hilliard_gpt-4.1_omp_r5,9,6,joint distribution rescore; measurements unchanged
cahn-hilliard_gpt-5-mini_omp_r1,9,6,joint distribution rescore; measurements unchanged
cahn-hilliard_gpt-5-mini_omp_r2,9,6,joint distribution rescore; measurements unchanged
cahn-hilliard_gpt-5-mini_omp_r3,9,6,joint distribution rescore; measurements unchanged
cahn-hilliard_gpt-5-mini_omp_r4,9,6,joint distribution rescore; measurements unchanged
cahn-hilliard_gpt-5-mini_omp_r5,9,6,joint distribution rescore; measurements unchanged
cahn-hilliard_gpt-5.2-codex_omp_r1,9,6,joint distribution rescore; measurements unchanged
cahn-hilliard_gpt-5.2-codex_omp_r2,9,6,joint distribution rescore; measurements unchanged
cahn-hilliard_gpt-5.2-codex_omp_r3,9,6,joint distribution rescore; measurements unchanged
cahn-hilliard_gpt-5.2-codex_omp_r4,9,6,joint distribution rescore; measurements unchanged
cahn-hilliard_gpt-5.2-codex_omp_r5,9,6,joint distribution rescore; measurements unchanged
cahn-hilliard_gpt-5.2_cuda_r5,7,8,joint distribution rescore; measurements unchanged
cahn-hilliard_gpt-5.2_hybrid_r5,10,9,joint distribution rescore; measurements unchanged
cahn-hilliard_gpt-5.2_omp_r1,9,6,joint distribution rescore; measurements unchanged
cahn-hilliard_gpt-5.2_omp_r2,9,6,joint distribution rescore; measurements unchanged
cahn-hilliard_gpt-5.2_omp_r3,9,6,joint distribution rescore; measurements unchanged
cahn-hilliard_gpt-5.2_omp_r4,9,6,joint distribution rescore; measurements unchanged
cahn-hilliard_gpt-5.2_omp_r5,9,6,joint distribution rescore; measurements unchanged
cahn-hilliard_gpt-5.6-luna-low_omp_r1,9,6,joint distribution rescore; measurements unchanged
cahn-hilliard_gpt-5.6-luna-low_omp_r2,9,6,joint distribution rescore; measurements unchanged
cahn-hilliard_gpt-5.6-luna-low_omp_r3,9,6,joint distribution rescore; measurements unchanged
cahn-hilliard_gpt-5.6-luna-low_omp_r4,9,6,joint distribution rescore; measurements unchanged
cahn-hilliard_gpt-5.6-luna-low_omp_r5,9,6,joint distribution rescore; measurements unchanged
cahn-hilliard_gpt-5.6-luna-medium_omp_r1,9,6,joint distribution rescore; measurements unchanged
cahn-hilliard_gpt-5.6-luna-medium_omp_r2,9,6,joint distribution rescore; measurements unchanged
cahn-hilliard_gpt-5.6-luna-medium_omp_r3,9,6,joint distribution rescore; measurements unchanged
cahn-hilliard_gpt-5.6-luna-medium_omp_r4,9,6,joint distribution rescore; measurements unchanged
cahn-hilliard_gpt-5.6-luna-medium_omp_r5,9,6,joint distribution rescore; measurements unchanged
cahn-hilliard_gpt-5.6-luna-xhigh_mpi_r2,10,9,joint distribution rescore; measurements unchanged
cahn-hilliard_gpt-5.6-luna-xhigh_omp_r1,9,6,joint distribution rescore; measurements unchanged
cahn-hilliard_gpt-5.6-luna-xhigh_omp_r2,9,6,joint distribution rescore; measurements unchanged
cahn-hilliard_gpt-5.6-luna-xhigh_omp_r3,9,6,joint distribution rescore; measurements unchanged
cahn-hilliard_gpt-5.6-luna-xhigh_omp_r4,9,6,joint distribution rescore; measurements unchanged
cahn-hilliard_gpt-5.6-luna-xhigh_omp_r5,9,6,joint distribution rescore; measurements unchanged
cahn-hilliard_gpt-5.6-sol-low_cuda_r1,8,9,joint distribution rescore; measurements unchanged
cahn-hilliard_gpt-5.6-sol-low_cuda_r4,7,8,joint distribution rescore; measurements unchanged
cahn-hilliard_gpt-5.6-sol-low_cuda_r5,6,7,joint distribution rescore; measurements unchanged
cahn-hilliard_gpt-5.6-sol-low_omp_r1,9,6,joint distribution rescore; measurements unchanged
cahn-hilliard_gpt-5.6-sol-low_omp_r2,9,6,joint distribution rescore; measurements unchanged
cahn-hilliard_gpt-5.6-sol-low_omp_r3,9,6,joint distribution rescore; measurements unchanged
cahn-hilliard_gpt-5.6-sol-low_omp_r4,9,6,joint distribution rescore; measurements unchanged
cahn-hilliard_gpt-5.6-sol-low_omp_r5,9,6,joint distribution rescore; measurements unchanged
cahn-hilliard_gpt-5.6-sol-medium_omp_r1,9,6,joint distribution rescore; measurements unchanged
cahn-hilliard_gpt-5.6-sol-medium_omp_r2,10,6,joint distribution rescore; measurements unchanged
cahn-hilliard_gpt-5.6-sol-medium_omp_r3,9,6,joint distribution rescore; measurements unchanged
cahn-hilliard_gpt-5.6-sol-medium_omp_r4,9,6,joint distribution rescore; measurements unchanged
cahn-hilliard_gpt-5.6-sol-medium_omp_r5,9,6,joint distribution rescore; measurements unchanged
cahn-hilliard_gpt-5.6-sol-xhigh_omp_r1,9,6,joint distribution rescore; measurements unchanged
cahn-hilliard_gpt-5.6-sol-xhigh_omp_r2,9,6,joint distribution rescore; measurements unchanged
cahn-hilliard_gpt-5.6-sol-xhigh_omp_r3,9,6,joint distribution rescore; measurements unchanged
cahn-hilliard_gpt-5.6-sol-xhigh_omp_r4,9,6,joint distribution rescore; measurements unchanged
cahn-hilliard_gpt-5.6-sol-xhigh_omp_r5,9,6,joint distribution rescore; measurements unchanged
cahn-hilliard_gpt-5.6-terra-low_omp_r1,9,6,joint distribution rescore; measurements unchanged
cahn-hilliard_gpt-5.6-terra-low_omp_r2,9,6,joint distribution rescore; measurements unchanged
cahn-hilliard_gpt-5.6-terra-low_omp_r3,9,6,joint distribution rescore; measurements unchanged
cahn-hilliard_gpt-5.6-terra-low_omp_r4,9,6,joint distribution rescore; measurements unchanged
cahn-hilliard_gpt-5.6-terra-low_omp_r5,9,6,joint distribution rescore; measurements unchanged
cahn-hilliard_gpt-5.6-terra-medium_cuda_r1,7,8,joint distribution rescore; measurements unchanged
cahn-hilliard_gpt-5.6-terra-medium_omp_r1,9,6,joint distribution rescore; measurements unchanged
cahn-hilliard_gpt-5.6-terra-medium_omp_r2,9,6,joint distribution rescore; measurements unchanged
cahn-hilliard_gpt-5.6-terra-medium_omp_r3,9,6,joint distribution rescore; measurements unchanged
cahn-hilliard_gpt-5.6-terra-medium_omp_r4,9,6,joint distribution rescore; measurements unchanged
cahn-hilliard_gpt-5.6-terra-medium_omp_r5,9,6,joint distribution rescore; measurements unchanged
cahn-hilliard_gpt-5.6-terra-xhigh_cuda_r3,6,7,joint distribution rescore; measurements unchanged
cahn-hilliard_gpt-5.6-terra-xhigh_omp_r1,9,6,joint distribution rescore; measurements unchanged
cahn-hilliard_gpt-5.6-terra-xhigh_omp_r2,9,6,joint distribution rescore; measurements unchanged
cahn-hilliard_gpt-5.6-terra-xhigh_omp_r3,9,6,joint distribution rescore; measurements unchanged
cahn-hilliard_gpt-5.6-terra-xhigh_omp_r4,9,6,joint distribution rescore; measurements unchanged
cahn-hilliard_gpt-5.6-terra-xhigh_omp_r5,9,6,joint distribution rescore; measurements unchanged
cahn-hilliard_qwen-3.6-27B-udq4-pi-t_omp_r1,9,6,joint distribution rescore; measurements unchanged
cahn-hilliard_qwen-3.6-27B-udq4-pi-t_omp_r2,9,6,joint distribution rescore; measurements unchanged
cahn-hilliard_qwen-3.6-27B-udq4-pi-t_omp_r3,9,6,joint distribution rescore; measurements unchanged
cahn-hilliard_qwen-3.6-27B-udq4-pi-t_omp_r4,9,6,joint distribution rescore; measurements unchanged
cahn-hilliard_qwen-3.6-27B-udq4-pi-t_omp_r5,9,6,joint distribution rescore; measurements unchanged
cahn-hilliard_qwen-3.6-27B-udq4_cuda_r2,7,8,joint distribution rescore; measurements unchanged
cahn-hilliard_qwen-3.6-27B-udq4_omp_r1,9,6,joint distribution rescore; measurements unchanged
cahn-hilliard_qwen-3.6-27B-udq4_omp_r2,9,6,joint distribution rescore; measurements unchanged
cahn-hilliard_qwen-3.6-27B-udq4_omp_r3,9,6,joint distribution rescore; measurements unchanged
cahn-hilliard_qwen-3.6-27B-udq4_omp_r4,9,6,joint distribution rescore; measurements unchanged
cahn-hilliard_qwen-3.6-27B-udq4_omp_r5,9,6,joint distribution rescore; measurements unchanged
cahn-hilliard_qwen3.7-plus_omp_r1,9,6,joint distribution rescore; measurements unchanged
cahn-hilliard_qwen3.7-plus_omp_r2,9,6,joint distribution rescore; measurements unchanged
cahn-hilliard_qwen3.7-plus_omp_r3,9,6,joint distribution rescore; measurements unchanged
cahn-hilliard_qwen3.7-plus_omp_r4,9,6,joint distribution rescore; measurements unchanged
cahn-hilliard_qwen3.7-plus_omp_r5,9,6,joint distribution rescore; measurements unchanged
cholesky_claude-opus-4.6_hybrid_r2,8,7,joint distribution rescore; measurements unchanged
cholesky_claude-opus-4.6_hybrid_r4,9,8,joint distribution rescore; measurements unchanged
cholesky_claude-opus-4.6_hybrid_r5,9,8,joint distribution rescore; measurements unchanged
cholesky_claude-opus-4.6_omp_r1,8,7,joint distribution rescore; measurements unchanged
cholesky_claude-opus-4.6_omp_r3,8,7,joint distribution rescore; measurements unchanged
cholesky_claude-opus-4.6_omp_r5,9,8,joint distribution rescore; measurements unchanged
cholesky_gpt-5-mini_omp_r2,8,7,joint distribution rescore; measurements unchanged
cholesky_gpt-5.2-codex_omp_r2,8,7,joint distribution rescore; measurements unchanged
cholesky_gpt-5.2_hybrid_r2,9,8,joint distribution rescore; measurements unchanged
cholesky_gpt-5.2_hybrid_r5,9,8,joint distribution rescore; measurements unchanged
cholesky_gpt-5.6-luna-low_omp_r3,8,7,joint distribution rescore; measurements unchanged
cholesky_gpt-5.6-luna-medium_hybrid_r3,8,7,joint distribution rescore; measurements unchanged
cholesky_gpt-5.6-luna-medium_hybrid_r4,7,6,joint distribution rescore; measurements unchanged
cholesky_gpt-5.6-luna-medium_hybrid_r5,8,7,joint distribution rescore; measurements unchanged
cholesky_gpt-5.6-luna-xhigh_hybrid_r3,9,8,joint distribution rescore; measurements unchanged
cholesky_gpt-5.6-luna-xhigh_hybrid_r4,9,8,joint distribution rescore; measurements unchanged
cholesky_gpt-5.6-luna-xhigh_hybrid_r5,9,8,joint distribution rescore; measurements unchanged
cholesky_gpt-5.6-luna-xhigh_omp_r1,7,6,joint distribution rescore; measurements unchanged
cholesky_gpt-5.6-luna-xhigh_omp_r2,8,7,joint distribution rescore; measurements unchanged
cholesky_gpt-5.6-luna-xhigh_omp_r3,9,8,joint distribution rescore; measurements unchanged
cholesky_gpt-5.6-sol-low_hybrid_r3,8,7,joint distribution rescore; measurements unchanged
cholesky_gpt-5.6-sol-low_hybrid_r4,8,7,joint distribution rescore; measurements unchanged
cholesky_gpt-5.6-sol-medium_hybrid_r1,8,7,joint distribution rescore; measurements unchanged
cholesky_gpt-5.6-sol-medium_hybrid_r2,9,8,joint distribution rescore; measurements unchanged
cholesky_gpt-5.6-sol-medium_hybrid_r3,9,8,joint distribution rescore; measurements unchanged
cholesky_gpt-5.6-sol-medium_hybrid_r4,8,7,joint distribution rescore; measurements unchanged
cholesky_gpt-5.6-sol-medium_omp_r4,9,8,joint distribution rescore; measurements unchanged
cholesky_gpt-5.6-sol-xhigh_hybrid_r1,9,8,joint distribution rescore; measurements unchanged
cholesky_gpt-5.6-sol-xhigh_hybrid_r2,10,9,joint distribution rescore; measurements unchanged
cholesky_gpt-5.6-sol-xhigh_hybrid_r4,9,8,joint distribution rescore; measurements unchanged
cholesky_gpt-5.6-sol-xhigh_mpi_r5,10,9,joint distribution rescore; measurements unchanged
cholesky_gpt-5.6-sol-xhigh_omp_r1,8,7,joint distribution rescore; measurements unchanged
cholesky_gpt-5.6-sol-xhigh_omp_r2,10,9,joint distribution rescore; measurements unchanged
cholesky_gpt-5.6-terra-medium_hybrid_r2,9,8,joint distribution rescore; measurements unchanged
cholesky_gpt-5.6-terra-xhigh_cuda_r4,10,9,joint distribution rescore; measurements unchanged
cholesky_gpt-5.6-terra-xhigh_hybrid_r1,9,8,joint distribution rescore; measurements unchanged
cholesky_gpt-5.6-terra-xhigh_hybrid_r2,9,8,joint distribution rescore; measurements unchanged
cholesky_gpt-5.6-terra-xhigh_hybrid_r3,9,8,joint distribution rescore; measurements unchanged
cholesky_gpt-5.6-terra-xhigh_hybrid_r4,9,8,joint distribution rescore; measurements unchanged
cholesky_gpt-5.6-terra-xhigh_hybrid_r5,9,8,joint distribution rescore; measurements unchanged
cholesky_qwen-3.6-27B-udq4_omp_r1,8,7,joint distribution rescore; measurements unchanged
cholesky_qwen-3.6-27B-udq4_omp_r2,8,7,joint distribution rescore; measurements unchanged
cholesky_qwen-3.6-27B-udq4_omp_r4,8,7,joint distribution rescore; measurements unchanged
cholesky_qwen3.7-plus_omp_r1,8,7,joint distribution rescore; measurements unchanged
cholesky_qwen3.7-plus_omp_r2,8,7,joint distribution rescore; measurements unchanged
floydwarshall_claude-opus-4.6_hybrid_r1,8,7,joint distribution rescore; measurements unchanged
floydwarshall_claude-opus-4.6_hybrid_r3,8,7,joint distribution rescore; measurements unchanged
floydwarshall_claude-opus-4.6_hybrid_r4,8,7,joint distribution rescore; measurements unchanged
floydwarshall_claude-opus-4.6_hybrid_r5,8,7,joint distribution rescore; measurements unchanged
floydwarshall_claude-opus-4.6_omp_r1,8,9,joint distribution rescore; measurements unchanged
floydwarshall_claude-opus-4.6_omp_r4,8,9,joint distribution rescore; measurements unchanged
floydwarshall_deepseek-v4-flash_hybrid_r3,8,7,joint distribution rescore; measurements unchanged
floydwarshall_deepseek-v4-flash_hybrid_r4,8,7,joint distribution rescore; measurements unchanged
floydwarshall_deepseek-v4-flash_hybrid_r5,8,7,joint distribution rescore; measurements unchanged
floydwarshall_gemini-3-pro-preview_hybrid_r1,8,7,joint distribution rescore; measurements unchanged
floydwarshall_gemini-3-pro-preview_hybrid_r2,8,7,joint distribution rescore; measurements unchanged
floydwarshall_gemini-3-pro-preview_hybrid_r4,8,7,joint distribution rescore; measurements unchanged
floydwarshall_gpt-5.2-codex_hybrid_r3,8,7,joint distribution rescore; measurements unchanged
floydwarshall_gpt-5.2-codex_hybrid_r4,8,7,joint distribution rescore; measurements unchanged
floydwarshall_gpt-5.2-codex_hybrid_r5,8,7,joint distribution rescore; measurements unchanged
floydwarshall_gpt-5.2_hybrid_r1,8,7,joint distribution rescore; measurements unchanged
floydwarshall_gpt-5.2_hybrid_r2,8,7,joint distribution rescore; measurements unchanged
floydwarshall_gpt-5.2_hybrid_r3,8,7,joint distribution rescore; measurements unchanged
floydwarshall_gpt-5.2_hybrid_r4,8,7,joint distribution rescore; measurements unchanged
floydwarshall_gpt-5.2_hybrid_r5,8,7,joint distribution rescore; measurements unchanged
floydwarshall_gpt-5.2_omp_r4,8,9,joint distribution rescore; measurements unchanged
floydwarshall_gpt-5.6-luna-low_hybrid_r3,7,6,joint distribution rescore; measurements unchanged
floydwarshall_gpt-5.6-luna-low_hybrid_r4,7,6,joint distribution rescore; measurements unchanged
floydwarshall_gpt-5.6-luna-medium_hybrid_r1,8,7,joint distribution rescore; measurements unchanged
floydwarshall_gpt-5.6-luna-xhigh_hybrid_r1,8,7,joint distribution rescore; measurements unchanged
floydwarshall_gpt-5.6-luna-xhigh_hybrid_r2,8,7,joint distribution rescore; measurements unchanged
floydwarshall_gpt-5.6-luna-xhigh_hybrid_r3,8,7,joint distribution rescore; measurements unchanged
floydwarshall_gpt-5.6-luna-xhigh_hybrid_r4,8,7,joint distribution rescore; measurements unchanged
floydwarshall_gpt-5.6-luna-xhigh_hybrid_r5,8,7,joint distribution rescore; measurements unchanged
floydwarshall_gpt-5.6-sol-low_hybrid_r1,8,7,joint distribution rescore; measurements unchanged
floydwarshall_gpt-5.6-sol-low_hybrid_r2,8,7,joint distribution rescore; measurements unchanged
floydwarshall_gpt-5.6-sol-low_hybrid_r3,8,7,joint distribution rescore; measurements unchanged
floydwarshall_gpt-5.6-sol-low_hybrid_r5,8,7,joint distribution rescore; measurements unchanged
floydwarshall_gpt-5.6-sol-medium_hybrid_r1,8,7,joint distribution rescore; measurements unchanged
floydwarshall_gpt-5.6-sol-medium_hybrid_r2,8,7,joint distribution rescore; measurements unchanged
floydwarshall_gpt-5.6-sol-medium_hybrid_r3,8,7,joint distribution rescore; measurements unchanged
floydwarshall_gpt-5.6-sol-medium_hybrid_r4,8,7,joint distribution rescore; measurements unchanged
floydwarshall_gpt-5.6-sol-medium_hybrid_r5,9,8,joint distribution rescore; measurements unchanged
floydwarshall_gpt-5.6-sol-medium_omp_r2,10,9,joint distribution rescore; measurements unchanged
floydwarshall_gpt-5.6-sol-medium_omp_r4,10,9,joint distribution rescore; measurements unchanged
floydwarshall_gpt-5.6-sol-xhigh_hybrid_r1,10,8,joint distribution rescore; measurements unchanged
floydwarshall_gpt-5.6-sol-xhigh_hybrid_r2,9,8,joint distribution rescore; measurements unchanged
floydwarshall_gpt-5.6-sol-xhigh_hybrid_r3,9,8,joint distribution rescore; measurements unchanged
floydwarshall_gpt-5.6-sol-xhigh_hybrid_r4,9,8,joint distribution rescore; measurements unchanged
floydwarshall_gpt-5.6-sol-xhigh_hybrid_r5,9,8,joint distribution rescore; measurements unchanged
floydwarshall_gpt-5.6-sol-xhigh_omp_r2,8,9,joint distribution rescore; measurements unchanged
floydwarshall_gpt-5.6-sol-xhigh_omp_r4,8,9,joint distribution rescore; measurements unchanged
floydwarshall_gpt-5.6-terra-low_hybrid_r1,8,7,joint distribution rescore; measurements unchanged
floydwarshall_gpt-5.6-terra-low_hybrid_r2,8,7,joint distribution rescore; measurements unchanged
floydwarshall_gpt-5.6-terra-low_hybrid_r3,8,7,joint distribution rescore; measurements unchanged
floydwarshall_gpt-5.6-terra-low_hybrid_r4,8,7,joint distribution rescore; measurements unchanged
floydwarshall_gpt-5.6-terra-low_hybrid_r5,8,7,joint distribution rescore; measurements unchanged
floydwarshall_gpt-5.6-terra-medium_hybrid_r3,8,7,joint distribution rescore; measurements unchanged
floydwarshall_gpt-5.6-terra-medium_hybrid_r4,8,7,joint distribution rescore; measurements unchanged
floydwarshall_gpt-5.6-terra-medium_hybrid_r5,8,7,joint distribution rescore; measurements unchanged
floydwarshall_gpt-5.6-terra-xhigh_hybrid_r1,8,7,joint distribution rescore; measurements unchanged
floydwarshall_gpt-5.6-terra-xhigh_hybrid_r2,9,8,joint distribution rescore; measurements unchanged
floydwarshall_gpt-5.6-terra-xhigh_hybrid_r3,9,8,joint distribution rescore; measurements unchanged
floydwarshall_gpt-5.6-terra-xhigh_hybrid_r4,9,8,joint distribution rescore; measurements unchanged
floydwarshall_gpt-5.6-terra-xhigh_hybrid_r5,9,8,joint distribution rescore; measurements unchanged
floydwarshall_qwen-3.6-27B-udq4_hybrid_r1,8,7,joint distribution rescore; measurements unchanged
floydwarshall_qwen-3.6-27B-udq4_hybrid_r2,8,7,joint distribution rescore; measurements unchanged
floydwarshall_qwen-3.6-27B-udq4_hybrid_r4,8,7,joint distribution rescore; measurements unchanged
floydwarshall_qwen3.7-plus_hybrid_r2,8,7,joint distribution rescore; measurements unchanged
floydwarshall_qwen3.7-plus_hybrid_r3,8,7,joint distribution rescore; measurements unchanged
floydwarshall_qwen3.7-plus_omp_r2,8,9,joint distribution rescore; measurements unchanged
matmul_claude-haiku-4.5_cuda_r1,6,7,joint distribution rescore; measurements unchanged
matmul_claude-haiku-4.5_cuda_r2,6,7,joint distribution rescore; measurements unchanged
matmul_claude-haiku-4.5_cuda_r3,6,7,joint distribution rescore; measurements unchanged
matmul_claude-haiku-4.5_cuda_r4,6,7,joint distribution rescore; measurements unchanged
matmul_claude-haiku-4.5_cuda_r5,6,7,joint distribution rescore; measurements unchanged
matmul_claude-haiku-4.5_hybrid_r3,9,8,joint distribution rescore; measurements unchanged
matmul_claude-opus-4.6_cuda_r1,6,7,joint distribution rescore; measurements unchanged
matmul_claude-opus-4.6_cuda_r3,6,7,joint distribution rescore; measurements unchanged
matmul_claude-opus-4.6_hybrid_r1,9,8,joint distribution rescore; measurements unchanged
matmul_claude-opus-4.6_hybrid_r4,9,8,joint distribution rescore; measurements unchanged
matmul_claude-opus-4.6_hybrid_r5,9,8,joint distribution rescore; measurements unchanged
matmul_claude-opus-4.6_mpi_r1,9,8,joint distribution rescore; measurements unchanged
matmul_claude-opus-4.6_mpi_r2,9,8,joint distribution rescore; measurements unchanged
matmul_claude-opus-4.6_mpi_r5,9,8,joint distribution rescore; measurements unchanged
matmul_claude-sonnet-4.5_cuda_r1,6,7,joint distribution rescore; measurements unchanged
matmul_claude-sonnet-4.5_cuda_r2,6,7,joint distribution rescore; measurements unchanged
matmul_claude-sonnet-4.5_cuda_r3,6,7,joint distribution rescore; measurements unchanged
matmul_claude-sonnet-4.5_cuda_r4,6,7,joint distribution rescore; measurements unchanged
matmul_claude-sonnet-4.5_hybrid_r1,9,8,joint distribution rescore; measurements unchanged
matmul_claude-sonnet-4.5_hybrid_r3,9,8,joint distribution rescore; measurements unchanged
matmul_claude-sonnet-4.5_hybrid_r4,9,8,joint distribution rescore; measurements unchanged
matmul_deepseek-v4-flash_cuda_r4,6,7,joint distribution rescore; measurements unchanged
matmul_deepseek-v4-flash_hybrid_r1,9,8,joint distribution rescore; measurements unchanged
matmul_deepseek-v4-flash_hybrid_r2,9,8,joint distribution rescore; measurements unchanged
matmul_deepseek-v4-flash_hybrid_r3,9,8,joint distribution rescore; measurements unchanged
matmul_deepseek-v4-flash_hybrid_r4,9,8,joint distribution rescore; measurements unchanged
matmul_deepseek-v4-flash_hybrid_r5,9,8,joint distribution rescore; measurements unchanged
matmul_deepseek-v4-flash_mpi_r2,9,8,joint distribution rescore; measurements unchanged
matmul_deepseek-v4-flash_mpi_r3,9,8,joint distribution rescore; measurements unchanged
matmul_deepseek-v4-flash_mpi_r5,9,8,joint distribution rescore; measurements unchanged
matmul_gemini-3-pro-preview_cuda_r1,6,7,joint distribution rescore; measurements unchanged
matmul_gemini-3-pro-preview_hybrid_r1,9,8,joint distribution rescore; measurements unchanged
matmul_gemini-3-pro-preview_hybrid_r2,9,8,joint distribution rescore; measurements unchanged
matmul_gemini-3-pro-preview_hybrid_r3,9,8,joint distribution rescore; measurements unchanged
matmul_gemini-3-pro-preview_hybrid_r4,9,8,joint distribution rescore; measurements unchanged
matmul_gemini-3-pro-preview_hybrid_r5,9,8,joint distribution rescore; measurements unchanged
matmul_gpt-4.1_cuda_r1,6,7,joint distribution rescore; measurements unchanged
matmul_gpt-5-mini_cuda_r1,6,7,joint distribution rescore; measurements unchanged
matmul_gpt-5-mini_cuda_r3,6,7,joint distribution rescore; measurements unchanged
matmul_gpt-5-mini_cuda_r5,6,7,joint distribution rescore; measurements unchanged
matmul_gpt-5-mini_hybrid_r4,9,8,joint distribution rescore; measurements unchanged
matmul_gpt-5.2-codex_cuda_r1,6,7,joint distribution rescore; measurements unchanged
matmul_gpt-5.2-codex_cuda_r3,6,7,joint distribution rescore; measurements unchanged
matmul_gpt-5.2-codex_cuda_r4,6,7,joint distribution rescore; measurements unchanged
matmul_gpt-5.2-codex_hybrid_r2,9,8,joint distribution rescore; measurements unchanged
matmul_gpt-5.2-codex_hybrid_r4,9,8,joint distribution rescore; measurements unchanged
matmul_gpt-5.2-codex_mpi_r2,9,8,joint distribution rescore; measurements unchanged
matmul_gpt-5.2_hybrid_r1,9,8,joint distribution rescore; measurements unchanged
matmul_gpt-5.2_hybrid_r2,9,8,joint distribution rescore; measurements unchanged
matmul_gpt-5.2_hybrid_r3,8,7,joint distribution rescore; measurements unchanged
matmul_gpt-5.2_hybrid_r4,9,8,joint distribution rescore; measurements unchanged
matmul_gpt-5.2_hybrid_r5,9,8,joint distribution rescore; measurements unchanged
matmul_gpt-5.6-luna-low_cuda_r1,6,7,joint distribution rescore; measurements unchanged
matmul_gpt-5.6-luna-low_cuda_r2,6,7,joint distribution rescore; measurements unchanged
matmul_gpt-5.6-luna-low_cuda_r3,6,7,joint distribution rescore; measurements unchanged
matmul_gpt-5.6-luna-low_cuda_r4,6,7,joint distribution rescore; measurements unchanged
matmul_gpt-5.6-luna-low_cuda_r5,6,7,joint distribution rescore; measurements unchanged
matmul_gpt-5.6-luna-low_hybrid_r3,9,8,joint distribution rescore; measurements unchanged
matmul_gpt-5.6-luna-low_hybrid_r5,9,8,joint distribution rescore; measurements unchanged
matmul_gpt-5.6-luna-medium_cuda_r1,6,7,joint distribution rescore; measurements unchanged
matmul_gpt-5.6-luna-medium_cuda_r4,6,7,joint distribution rescore; measurements unchanged
matmul_gpt-5.6-luna-medium_hybrid_r2,9,8,joint distribution rescore; measurements unchanged
matmul_gpt-5.6-luna-medium_hybrid_r4,9,8,joint distribution rescore; measurements unchanged
matmul_gpt-5.6-luna-medium_hybrid_r5,9,8,joint distribution rescore; measurements unchanged
matmul_gpt-5.6-luna-medium_mpi_r2,8,7,joint distribution rescore; measurements unchanged
matmul_gpt-5.6-luna-xhigh_cuda_r4,10,9,joint distribution rescore; measurements unchanged
matmul_gpt-5.6-luna-xhigh_hybrid_r2,9,8,joint distribution rescore; measurements unchanged
matmul_gpt-5.6-luna-xhigh_hybrid_r3,9,8,joint distribution rescore; measurements unchanged
matmul_gpt-5.6-luna-xhigh_hybrid_r5,9,8,joint distribution rescore; measurements unchanged
matmul_gpt-5.6-luna-xhigh_mpi_r1,9,8,joint distribution rescore; measurements unchanged
matmul_gpt-5.6-luna-xhigh_mpi_r2,9,8,joint distribution rescore; measurements unchanged
matmul_gpt-5.6-luna-xhigh_mpi_r3,9,8,joint distribution rescore; measurements unchanged
matmul_gpt-5.6-luna-xhigh_mpi_r4,9,8,joint distribution rescore; measurements unchanged
matmul_gpt-5.6-sol-low_cuda_r2,6,7,joint distribution rescore; measurements unchanged
matmul_gpt-5.6-sol-low_hybrid_r1,9,8,joint distribution rescore; measurements unchanged
matmul_gpt-5.6-sol-low_hybrid_r2,9,8,joint distribution rescore; measurements unchanged
matmul_gpt-5.6-sol-low_hybrid_r3,9,8,joint distribution rescore; measurements unchanged
matmul_gpt-5.6-sol-low_hybrid_r4,9,8,joint distribution rescore; measurements unchanged
matmul_gpt-5.6-sol-low_hybrid_r5,9,8,joint distribution rescore; measurements unchanged
matmul_gpt-5.6-sol-low_mpi_r1,8,7,joint distribution rescore; measurements unchanged
matmul_gpt-5.6-sol-low_mpi_r2,9,8,joint distribution rescore; measurements unchanged
matmul_gpt-5.6-sol-low_mpi_r4,9,8,joint distribution rescore; measurements unchanged
matmul_gpt-5.6-sol-medium_hybrid_r1,9,8,joint distribution rescore; measurements unchanged
matmul_gpt-5.6-sol-medium_hybrid_r2,9,8,joint distribution rescore; measurements unchanged
matmul_gpt-5.6-sol-medium_hybrid_r3,9,8,joint distribution rescore; measurements unchanged
matmul_gpt-5.6-sol-medium_hybrid_r4,9,8,joint distribution rescore; measurements unchanged
matmul_gpt-5.6-sol-medium_hybrid_r5,10,8,joint distribution rescore; measurements unchanged
matmul_gpt-5.6-sol-medium_mpi_r1,9,8,joint distribution rescore; measurements unchanged
matmul_gpt-5.6-sol-medium_mpi_r2,9,8,joint distribution rescore; measurements unchanged
matmul_gpt-5.6-sol-medium_mpi_r3,9,8,joint distribution rescore; measurements unchanged
matmul_gpt-5.6-sol-medium_mpi_r4,9,8,joint distribution rescore; measurements unchanged
matmul_gpt-5.6-sol-xhigh_hybrid_r1,9,8,joint distribution rescore; measurements unchanged
matmul_gpt-5.6-sol-xhigh_hybrid_r2,9,8,joint distribution rescore; measurements unchanged
matmul_gpt-5.6-sol-xhigh_hybrid_r3,9,8,joint distribution rescore; measurements unchanged
matmul_gpt-5.6-sol-xhigh_hybrid_r4,9,8,joint distribution rescore; measurements unchanged
matmul_gpt-5.6-sol-xhigh_hybrid_r5,9,8,joint distribution rescore; measurements unchanged
matmul_gpt-5.6-sol-xhigh_mpi_r1,10,9,joint distribution rescore; measurements unchanged
matmul_gpt-5.6-sol-xhigh_mpi_r3,9,8,joint distribution rescore; measurements unchanged
matmul_gpt-5.6-sol-xhigh_omp_r3,10,9,joint distribution rescore; measurements unchanged
matmul_gpt-5.6-terra-low_hybrid_r1,9,8,joint distribution rescore; measurements unchanged
matmul_gpt-5.6-terra-low_hybrid_r2,9,8,joint distribution rescore; measurements unchanged
matmul_gpt-5.6-terra-low_hybrid_r3,9,8,joint distribution rescore; measurements unchanged
matmul_gpt-5.6-terra-low_hybrid_r5,9,8,joint distribution rescore; measurements unchanged
matmul_gpt-5.6-terra-medium_hybrid_r2,9,8,joint distribution rescore; measurements unchanged
matmul_gpt-5.6-terra-medium_hybrid_r3,9,8,joint distribution rescore; measurements unchanged
matmul_gpt-5.6-terra-medium_hybrid_r4,9,8,joint distribution rescore; measurements unchanged
matmul_gpt-5.6-terra-medium_hybrid_r5,9,8,joint distribution rescore; measurements unchanged
matmul_gpt-5.6-terra-medium_mpi_r1,9,8,joint distribution rescore; measurements unchanged
matmul_gpt-5.6-terra-medium_mpi_r2,9,8,joint distribution rescore; measurements unchanged
matmul_gpt-5.6-terra-xhigh_hybrid_r1,9,8,joint distribution rescore; measurements unchanged
matmul_gpt-5.6-terra-xhigh_hybrid_r2,9,8,joint distribution rescore; measurements unchanged
matmul_gpt-5.6-terra-xhigh_hybrid_r3,9,8,joint distribution rescore; measurements unchanged
matmul_gpt-5.6-terra-xhigh_hybrid_r4,9,8,joint distribution rescore; measurements unchanged
matmul_gpt-5.6-terra-xhigh_hybrid_r5,9,8,joint distribution rescore; measurements unchanged
matmul_gpt-5.6-terra-xhigh_mpi_r1,9,8,joint distribution rescore; measurements unchanged
matmul_gpt-5.6-terra-xhigh_mpi_r3,9,8,joint distribution rescore; measurements unchanged
matmul_gpt-5.6-terra-xhigh_mpi_r4,9,8,joint distribution rescore; measurements unchanged
matmul_gpt-5.6-terra-xhigh_mpi_r5,9,8,joint distribution rescore; measurements unchanged
matmul_qwen-3.6-27B-udq4-pi-t_cuda_r2,6,7,joint distribution rescore; measurements unchanged
matmul_qwen-3.6-27B-udq4-pi-t_cuda_r3,6,7,joint distribution rescore; measurements unchanged
matmul_qwen-3.6-27B-udq4-pi-t_cuda_r5,6,7,joint distribution rescore; measurements unchanged
matmul_qwen-3.6-27B-udq4_cuda_r1,6,7,joint distribution rescore; measurements unchanged
matmul_qwen-3.6-27B-udq4_cuda_r3,6,7,joint distribution rescore; measurements unchanged
matmul_qwen-3.6-27B-udq4_cuda_r4,6,7,joint distribution rescore; measurements unchanged
matmul_qwen-3.6-27B-udq4_cuda_r5,6,7,joint distribution rescore; measurements unchanged
matmul_qwen-3.6-27B-udq4_hybrid_r2,9,8,joint distribution rescore; measurements unchanged
matmul_qwen-3.6-27B-udq4_hybrid_r3,9,8,joint distribution rescore; measurements unchanged
matmul_qwen-3.6-27B-udq4_hybrid_r5,9,8,joint distribution rescore; measurements unchanged
matmul_qwen-3.6-27B-udq4_mpi_r4,9,8,joint distribution rescore; measurements unchanged
matmul_qwen3.7-plus_cuda_r2,6,7,joint distribution rescore; measurements unchanged
matmul_qwen3.7-plus_hybrid_r2,9,8,joint distribution rescore; measurements unchanged
matmul_qwen3.7-plus_hybrid_r3,9,8,joint distribution rescore; measurements unchanged
matmul_qwen3.7-plus_hybrid_r4,9,8,joint distribution rescore; measurements unchanged
matmul_qwen3.7-plus_mpi_r1,9,8,joint distribution rescore; measurements unchanged
nbody_claude-opus-4.6_hybrid_r1,8,7,joint distribution rescore; measurements unchanged
nbody_claude-opus-4.6_hybrid_r3,8,7,joint distribution rescore; measurements unchanged
nbody_claude-opus-4.6_hybrid_r4,9,8,joint distribution rescore; measurements unchanged
nbody_claude-opus-4.6_hybrid_r5,9,8,joint distribution rescore; measurements unchanged
nbody_claude-sonnet-4.5_hybrid_r3,9,8,joint distribution rescore; measurements unchanged
nbody_claude-sonnet-4.5_hybrid_r4,9,8,joint distribution rescore; measurements unchanged
nbody_claude-sonnet-4.5_hybrid_r5,9,8,joint distribution rescore; measurements unchanged
nbody_deepseek-v4-flash_hybrid_r1,9,8,joint distribution rescore; measurements unchanged
nbody_deepseek-v4-flash_hybrid_r2,9,8,joint distribution rescore; measurements unchanged
nbody_deepseek-v4-flash_hybrid_r4,9,8,joint distribution rescore; measurements unchanged
nbody_gemini-3-pro-preview_hybrid_r1,9,8,joint distribution rescore; measurements unchanged
nbody_gemini-3-pro-preview_hybrid_r2,8,7,joint distribution rescore; measurements unchanged
nbody_gemini-3-pro-preview_hybrid_r4,9,8,joint distribution rescore; measurements unchanged
nbody_gemini-3-pro-preview_hybrid_r5,8,7,joint distribution rescore; measurements unchanged
nbody_gpt-5-mini_hybrid_r1,9,8,joint distribution rescore; measurements unchanged
nbody_gpt-5-mini_hybrid_r2,9,8,joint distribution rescore; measurements unchanged
nbody_gpt-5.2-codex_hybrid_r2,8,7,joint distribution rescore; measurements unchanged
nbody_gpt-5.2-codex_hybrid_r3,8,7,joint distribution rescore; measurements unchanged
nbody_gpt-5.2-codex_hybrid_r4,8,7,joint distribution rescore; measurements unchanged
nbody_gpt-5.2-codex_hybrid_r5,8,7,joint distribution rescore; measurements unchanged
nbody_gpt-5.2_hybrid_r4,8,7,joint distribution rescore; measurements unchanged
nbody_gpt-5.2_hybrid_r5,8,7,joint distribution rescore; measurements unchanged
nbody_gpt-5.6-luna-low_hybrid_r1,8,7,joint distribution rescore; measurements unchanged
nbody_gpt-5.6-luna-low_hybrid_r2,8,7,joint distribution rescore; measurements unchanged
nbody_gpt-5.6-luna-low_hybrid_r3,8,7,joint distribution rescore; measurements unchanged
nbody_gpt-5.6-luna-low_hybrid_r4,8,7,joint distribution rescore; measurements unchanged
nbody_gpt-5.6-luna-low_hybrid_r5,8,7,joint distribution rescore; measurements unchanged
nbody_gpt-5.6-luna-medium_hybrid_r1,8,7,joint distribution rescore; measurements unchanged
nbody_gpt-5.6-luna-medium_hybrid_r2,8,7,joint distribution rescore; measurements unchanged
nbody_gpt-5.6-luna-medium_hybrid_r3,8,7,joint distribution rescore; measurements unchanged
nbody_gpt-5.6-luna-medium_hybrid_r4,8,7,joint distribution rescore; measurements unchanged
nbody_gpt-5.6-luna-xhigh_hybrid_r1,8,7,joint distribution rescore; measurements unchanged
nbody_gpt-5.6-luna-xhigh_hybrid_r2,8,7,joint distribution rescore; measurements unchanged
nbody_gpt-5.6-luna-xhigh_hybrid_r3,8,7,joint distribution rescore; measurements unchanged
nbody_gpt-5.6-luna-xhigh_hybrid_r4,8,7,joint distribution rescore; measurements unchanged
nbody_gpt-5.6-luna-xhigh_hybrid_r5,8,7,joint distribution rescore; measurements unchanged
nbody_gpt-5.6-sol-low_hybrid_r2,9,8,joint distribution rescore; measurements unchanged
nbody_gpt-5.6-sol-low_hybrid_r3,8,7,joint distribution rescore; measurements unchanged
nbody_gpt-5.6-sol-low_hybrid_r4,8,7,joint distribution rescore; measurements unchanged
nbody_gpt-5.6-sol-low_hybrid_r5,9,8,joint distribution rescore; measurements unchanged
nbody_gpt-5.6-sol-medium_hybrid_r1,8,7,joint distribution rescore; measurements unchanged
nbody_gpt-5.6-sol-medium_hybrid_r2,8,7,joint distribution rescore; measurements unchanged
nbody_gpt-5.6-sol-medium_hybrid_r3,8,7,joint distribution rescore; measurements unchanged
nbody_gpt-5.6-sol-medium_hybrid_r4,8,7,joint distribution rescore; measurements unchanged
nbody_gpt-5.6-sol-medium_hybrid_r5,8,7,joint distribution rescore; measurements unchanged
nbody_gpt-5.6-sol-xhigh_hybrid_r1,8,7,joint distribution rescore; measurements unchanged
nbody_gpt-5.6-sol-xhigh_hybrid_r2,8,7,joint distribution rescore; measurements unchanged
nbody_gpt-5.6-sol-xhigh_hybrid_r3,8,7,joint distribution rescore; measurements unchanged
nbody_gpt-5.6-sol-xhigh_hybrid_r4,8,7,joint distribution rescore; measurements unchanged
nbody_gpt-5.6-sol-xhigh_hybrid_r5,9,8,joint distribution rescore; measurements unchanged
nbody_gpt-5.6-sol-xhigh_mpi_r1,10,9,joint distribution rescore; measurements unchanged
nbody_gpt-5.6-sol-xhigh_omp_r3,10,9,joint distribution rescore; measurements unchanged
nbody_gpt-5.6-terra-low_hybrid_r1,8,7,joint distribution rescore; measurements unchanged
nbody_gpt-5.6-terra-low_hybrid_r2,8,7,joint distribution rescore; measurements unchanged
nbody_gpt-5.6-terra-low_hybrid_r3,8,7,joint distribution rescore; measurements unchanged
nbody_gpt-5.6-terra-low_hybrid_r4,8,7,joint distribution rescore; measurements unchanged
nbody_gpt-5.6-terra-low_hybrid_r5,8,7,joint distribution rescore; measurements unchanged
nbody_gpt-5.6-terra-medium_hybrid_r1,8,7,joint distribution rescore; measurements unchanged
nbody_gpt-5.6-terra-medium_hybrid_r2,9,8,joint distribution rescore; measurements unchanged
nbody_gpt-5.6-terra-medium_hybrid_r3,8,7,joint distribution rescore; measurements unchanged
nbody_gpt-5.6-terra-medium_hybrid_r4,8,7,joint distribution rescore; measurements unchanged
nbody_gpt-5.6-terra-medium_hybrid_r5,8,7,joint distribution rescore; measurements unchanged
nbody_gpt-5.6-terra-xhigh_hybrid_r1,8,7,joint distribution rescore; measurements unchanged
nbody_gpt-5.6-terra-xhigh_hybrid_r2,8,7,joint distribution rescore; measurements unchanged
nbody_gpt-5.6-terra-xhigh_hybrid_r3,10,8,joint distribution rescore; measurements unchanged
nbody_gpt-5.6-terra-xhigh_hybrid_r4,8,7,joint distribution rescore; measurements unchanged
nbody_gpt-5.6-terra-xhigh_hybrid_r5,8,7,joint distribution rescore; measurements unchanged
nbody_qwen-3.6-27B-udq4-pi-t_hybrid_r1,8,7,joint distribution rescore; measurements unchanged
nbody_qwen-3.6-27B-udq4-pi-t_hybrid_r5,8,7,joint distribution rescore; measurements unchanged
nbody_qwen-3.6-27B-udq4_hybrid_r1,8,7,joint distribution rescore; measurements unchanged
nbody_qwen-3.6-27B-udq4_hybrid_r2,8,7,joint distribution rescore; measurements unchanged
nbody_qwen-3.6-27B-udq4_hybrid_r3,8,7,joint distribution rescore; measurements unchanged
nbody_qwen3.7-plus_hybrid_r1,9,8,joint distribution rescore; measurements unchanged
nbody_qwen3.7-plus_hybrid_r2,8,7,joint distribution rescore; measurements unchanged
nbody_qwen3.7-plus_hybrid_r3,8,7,joint distribution rescore; measurements unchanged
nbody_qwen3.7-plus_hybrid_r4,9,8,joint distribution rescore; measurements unchanged
nbody_qwen3.7-plus_hybrid_r5,8,7,joint distribution rescore; measurements unchanged
qtclustering_claude-opus-4.6_cuda_r1,7,6,joint distribution rescore; measurements unchanged
qtclustering_claude-opus-4.6_hybrid_r1,7,6,joint distribution rescore; measurements unchanged
qtclustering_claude-opus-4.6_hybrid_r2,7,6,joint distribution rescore; measurements unchanged
qtclustering_claude-opus-4.6_hybrid_r4,7,6,joint distribution rescore; measurements unchanged
qtclustering_claude-opus-4.6_mpi_r1,7,6,joint distribution rescore; measurements unchanged
qtclustering_claude-opus-4.6_mpi_r3,8,7,joint distribution rescore; measurements unchanged
qtclustering_claude-opus-4.6_mpi_r4,7,6,joint distribution rescore; measurements unchanged
qtclustering_claude-opus-4.6_mpi_r5,7,6,joint distribution rescore; measurements unchanged
qtclustering_claude-opus-4.6_omp_r2,8,7,joint distribution rescore; measurements unchanged
qtclustering_claude-sonnet-4.5_mpi_r1,7,6,joint distribution rescore; measurements unchanged
qtclustering_claude-sonnet-4.5_mpi_r5,7,6,joint distribution rescore; measurements unchanged
qtclustering_deepseek-v4-flash_mpi_r1,7,6,joint distribution rescore; measurements unchanged
qtclustering_deepseek-v4-flash_mpi_r3,7,6,joint distribution rescore; measurements unchanged
qtclustering_gemini-3-pro-preview_cuda_r2,7,6,joint distribution rescore; measurements unchanged
qtclustering_gemini-3-pro-preview_mpi_r5,7,6,joint distribution rescore; measurements unchanged
qtclustering_gemini-3-pro-preview_omp_r4,8,7,joint distribution rescore; measurements unchanged
qtclustering_gpt-5-mini_mpi_r1,7,6,joint distribution rescore; measurements unchanged
qtclustering_gpt-5-mini_mpi_r2,7,6,joint distribution rescore; measurements unchanged
qtclustering_gpt-5-mini_mpi_r3,7,6,joint distribution rescore; measurements unchanged
qtclustering_gpt-5.2-codex_mpi_r1,7,6,joint distribution rescore; measurements unchanged
qtclustering_gpt-5.2-codex_mpi_r2,7,6,joint distribution rescore; measurements unchanged
qtclustering_gpt-5.2-codex_mpi_r3,7,6,joint distribution rescore; measurements unchanged
qtclustering_gpt-5.2-codex_mpi_r4,7,6,joint distribution rescore; measurements unchanged
qtclustering_gpt-5.2_cuda_r3,7,6,joint distribution rescore; measurements unchanged
qtclustering_gpt-5.2_hybrid_r4,7,6,joint distribution rescore; measurements unchanged
qtclustering_gpt-5.2_mpi_r1,7,6,joint distribution rescore; measurements unchanged
qtclustering_gpt-5.2_mpi_r3,8,7,joint distribution rescore; measurements unchanged
qtclustering_gpt-5.2_mpi_r4,8,7,joint distribution rescore; measurements unchanged
qtclustering_gpt-5.2_mpi_r5,8,7,joint distribution rescore; measurements unchanged
qtclustering_gpt-5.2_omp_r5,7,6,joint distribution rescore; measurements unchanged
qtclustering_gpt-5.6-luna-low_mpi_r1,7,6,joint distribution rescore; measurements unchanged
qtclustering_gpt-5.6-luna-low_mpi_r2,7,6,joint distribution rescore; measurements unchanged
qtclustering_gpt-5.6-luna-low_mpi_r3,7,6,joint distribution rescore; measurements unchanged
qtclustering_gpt-5.6-luna-low_mpi_r4,7,6,joint distribution rescore; measurements unchanged
qtclustering_gpt-5.6-luna-low_mpi_r5,7,6,joint distribution rescore; measurements unchanged
qtclustering_gpt-5.6-luna-medium_hybrid_r1,7,6,joint distribution rescore; measurements unchanged
qtclustering_gpt-5.6-luna-xhigh_cuda_r1,8,7,joint distribution rescore; measurements unchanged
qtclustering_gpt-5.6-luna-xhigh_cuda_r3,8,7,joint distribution rescore; measurements unchanged
qtclustering_gpt-5.6-luna-xhigh_cuda_r4,7,6,joint distribution rescore; measurements unchanged
qtclustering_gpt-5.6-luna-xhigh_hybrid_r1,7,6,joint distribution rescore; measurements unchanged
qtclustering_gpt-5.6-luna-xhigh_hybrid_r5,9,8,joint distribution rescore; measurements unchanged
qtclustering_gpt-5.6-luna-xhigh_mpi_r1,8,7,joint distribution rescore; measurements unchanged
qtclustering_gpt-5.6-luna-xhigh_mpi_r2,8,7,joint distribution rescore; measurements unchanged
qtclustering_gpt-5.6-luna-xhigh_mpi_r3,8,7,joint distribution rescore; measurements unchanged
qtclustering_gpt-5.6-luna-xhigh_mpi_r4,9,8,joint distribution rescore; measurements unchanged
qtclustering_gpt-5.6-luna-xhigh_mpi_r5,8,7,joint distribution rescore; measurements unchanged
qtclustering_gpt-5.6-luna-xhigh_omp_r1,9,8,joint distribution rescore; measurements unchanged
qtclustering_gpt-5.6-luna-xhigh_omp_r2,8,7,joint distribution rescore; measurements unchanged
qtclustering_gpt-5.6-luna-xhigh_omp_r4,7,6,joint distribution rescore; measurements unchanged
qtclustering_gpt-5.6-luna-xhigh_omp_r5,7,6,joint distribution rescore; measurements unchanged
qtclustering_gpt-5.6-sol-low_cuda_r3,8,7,joint distribution rescore; measurements unchanged
qtclustering_gpt-5.6-sol-low_cuda_r4,8,7,joint distribution rescore; measurements unchanged
qtclustering_gpt-5.6-sol-low_cuda_r5,8,7,joint distribution rescore; measurements unchanged
qtclustering_gpt-5.6-sol-low_hybrid_r1,7,6,joint distribution rescore; measurements unchanged
qtclustering_gpt-5.6-sol-low_hybrid_r2,8,7,joint distribution rescore; measurements unchanged
qtclustering_gpt-5.6-sol-low_hybrid_r3,7,6,joint distribution rescore; measurements unchanged
qtclustering_gpt-5.6-sol-low_hybrid_r4,9,8,joint distribution rescore; measurements unchanged
qtclustering_gpt-5.6-sol-low_hybrid_r5,7,6,joint distribution rescore; measurements unchanged
qtclustering_gpt-5.6-sol-low_mpi_r1,8,7,joint distribution rescore; measurements unchanged
qtclustering_gpt-5.6-sol-low_mpi_r2,9,8,joint distribution rescore; measurements unchanged
qtclustering_gpt-5.6-sol-low_mpi_r3,9,8,joint distribution rescore; measurements unchanged
qtclustering_gpt-5.6-sol-low_mpi_r4,9,8,joint distribution rescore; measurements unchanged
qtclustering_gpt-5.6-sol-low_mpi_r5,9,8,joint distribution rescore; measurements unchanged
qtclustering_gpt-5.6-sol-low_omp_r1,8,7,joint distribution rescore; measurements unchanged
qtclustering_gpt-5.6-sol-low_omp_r3,8,7,joint distribution rescore; measurements unchanged
qtclustering_gpt-5.6-sol-low_omp_r4,8,7,joint distribution rescore; measurements unchanged
qtclustering_gpt-5.6-sol-medium_cuda_r1,8,7,joint distribution rescore; measurements unchanged
qtclustering_gpt-5.6-sol-medium_cuda_r2,8,7,joint distribution rescore; measurements unchanged
qtclustering_gpt-5.6-sol-medium_cuda_r3,8,7,joint distribution rescore; measurements unchanged
qtclustering_gpt-5.6-sol-medium_cuda_r4,8,7,joint distribution rescore; measurements unchanged
qtclustering_gpt-5.6-sol-medium_cuda_r5,8,7,joint distribution rescore; measurements unchanged
qtclustering_gpt-5.6-sol-medium_hybrid_r2,9,8,joint distribution rescore; measurements unchanged
qtclustering_gpt-5.6-sol-medium_hybrid_r3,9,8,joint distribution rescore; measurements unchanged
qtclustering_gpt-5.6-sol-medium_hybrid_r4,7,6,joint distribution rescore; measurements unchanged
qtclustering_gpt-5.6-sol-medium_hybrid_r5,8,7,joint distribution rescore; measurements unchanged
qtclustering_gpt-5.6-sol-medium_mpi_r1,8,7,joint distribution rescore; measurements unchanged
qtclustering_gpt-5.6-sol-medium_mpi_r2,8,7,joint distribution rescore; measurements unchanged
qtclustering_gpt-5.6-sol-medium_mpi_r3,9,8,joint distribution rescore; measurements unchanged
qtclustering_gpt-5.6-sol-medium_mpi_r4,9,8,joint distribution rescore; measurements unchanged
qtclustering_gpt-5.6-sol-medium_mpi_r5,9,8,joint distribution rescore; measurements unchanged
qtclustering_gpt-5.6-sol-medium_omp_r2,8,7,joint distribution rescore; measurements unchanged
qtclustering_gpt-5.6-sol-xhigh_cuda_r1,9,7,joint distribution rescore; measurements unchanged
qtclustering_gpt-5.6-sol-xhigh_cuda_r2,10,8,joint distribution rescore; measurements unchanged
qtclustering_gpt-5.6-sol-xhigh_cuda_r3,8,7,joint distribution rescore; measurements unchanged
qtclustering_gpt-5.6-sol-xhigh_cuda_r4,9,7,joint distribution rescore; measurements unchanged
qtclustering_gpt-5.6-sol-xhigh_cuda_r5,9,7,joint distribution rescore; measurements unchanged
qtclustering_gpt-5.6-sol-xhigh_hybrid_r1,9,8,joint distribution rescore; measurements unchanged
qtclustering_gpt-5.6-sol-xhigh_hybrid_r2,10,8,joint distribution rescore; measurements unchanged
qtclustering_gpt-5.6-sol-xhigh_hybrid_r3,9,8,joint distribution rescore; measurements unchanged
qtclustering_gpt-5.6-sol-xhigh_hybrid_r4,9,8,joint distribution rescore; measurements unchanged
qtclustering_gpt-5.6-sol-xhigh_hybrid_r5,9,8,joint distribution rescore; measurements unchanged
qtclustering_gpt-5.6-sol-xhigh_mpi_r1,8,7,joint distribution rescore; measurements unchanged
qtclustering_gpt-5.6-sol-xhigh_mpi_r2,10,9,joint distribution rescore; measurements unchanged
qtclustering_gpt-5.6-sol-xhigh_mpi_r3,8,7,joint distribution rescore; measurements unchanged
qtclustering_gpt-5.6-sol-xhigh_mpi_r4,8,7,joint distribution rescore; measurements unchanged
qtclustering_gpt-5.6-sol-xhigh_mpi_r5,8,7,joint distribution rescore; measurements unchanged
qtclustering_gpt-5.6-sol-xhigh_omp_r2,8,7,joint distribution rescore; measurements unchanged
qtclustering_gpt-5.6-sol-xhigh_omp_r3,10,8,joint distribution rescore; measurements unchanged
qtclustering_gpt-5.6-sol-xhigh_omp_r5,9,8,joint distribution rescore; measurements unchanged
qtclustering_gpt-5.6-terra-low_mpi_r3,7,6,joint distribution rescore; measurements unchanged
qtclustering_gpt-5.6-terra-low_mpi_r4,7,6,joint distribution rescore; measurements unchanged
qtclustering_gpt-5.6-terra-low_mpi_r5,7,6,joint distribution rescore; measurements unchanged
qtclustering_gpt-5.6-terra-medium_cuda_r3,8,7,joint distribution rescore; measurements unchanged
qtclustering_gpt-5.6-terra-medium_mpi_r2,7,6,joint distribution rescore; measurements unchanged
qtclustering_gpt-5.6-terra-medium_mpi_r3,7,6,joint distribution rescore; measurements unchanged
qtclustering_gpt-5.6-terra-medium_mpi_r4,7,6,joint distribution rescore; measurements unchanged
qtclustering_gpt-5.6-terra-medium_mpi_r5,7,6,joint distribution rescore; measurements unchanged
qtclustering_gpt-5.6-terra-medium_omp_r2,8,7,joint distribution rescore; measurements unchanged
qtclustering_gpt-5.6-terra-medium_omp_r4,8,7,joint distribution rescore; measurements unchanged
qtclustering_gpt-5.6-terra-xhigh_cuda_r1,8,7,joint distribution rescore; measurements unchanged
qtclustering_gpt-5.6-terra-xhigh_cuda_r3,7,6,joint distribution rescore; measurements unchanged
qtclustering_gpt-5.6-terra-xhigh_cuda_r4,8,7,joint distribution rescore; measurements unchanged
qtclustering_gpt-5.6-terra-xhigh_cuda_r5,8,7,joint distribution rescore; measurements unchanged
qtclustering_gpt-5.6-terra-xhigh_hybrid_r1,8,7,joint distribution rescore; measurements unchanged
qtclustering_gpt-5.6-terra-xhigh_hybrid_r3,8,7,joint distribution rescore; measurements unchanged
qtclustering_gpt-5.6-terra-xhigh_hybrid_r4,9,8,joint distribution rescore; measurements unchanged
qtclustering_gpt-5.6-terra-xhigh_hybrid_r5,8,7,joint distribution rescore; measurements unchanged
qtclustering_gpt-5.6-terra-xhigh_mpi_r1,8,7,joint distribution rescore; measurements unchanged
qtclustering_gpt-5.6-terra-xhigh_mpi_r2,8,7,joint distribution rescore; measurements unchanged
qtclustering_gpt-5.6-terra-xhigh_mpi_r3,8,7,joint distribution rescore; measurements unchanged
qtclustering_gpt-5.6-terra-xhigh_mpi_r4,8,7,joint distribution rescore; measurements unchanged
qtclustering_gpt-5.6-terra-xhigh_mpi_r5,8,7,joint distribution rescore; measurements unchanged
qtclustering_gpt-5.6-terra-xhigh_omp_r1,8,7,joint distribution rescore; measurements unchanged
qtclustering_gpt-5.6-terra-xhigh_omp_r2,8,7,joint distribution rescore; measurements unchanged
qtclustering_gpt-5.6-terra-xhigh_omp_r5,7,6,joint distribution rescore; measurements unchanged
qtclustering_qwen-3.6-27B-udq4-pi-t_mpi_r1,8,7,joint distribution rescore; measurements unchanged
qtclustering_qwen-3.6-27B-udq4-pi-t_mpi_r4,7,6,joint distribution rescore; measurements unchanged
qtclustering_qwen3.7-plus_cuda_r5,8,7,joint distribution rescore; measurements unchanged
qtclustering_qwen3.7-plus_mpi_r2,7,6,joint distribution rescore; measurements unchanged
qtclustering_qwen3.7-plus_mpi_r3,8,7,joint distribution rescore; measurements unchanged
qtclustering_qwen3.7-plus_mpi_r4,8,7,joint distribution rescore; measurements unchanged
qtclustering_qwen3.7-plus_mpi_r5,9,8,joint distribution rescore; measurements unchanged
roomsim_gpt-5.6-sol-medium_hybrid_r1,8,9,joint distribution rescore; measurements unchanged
roomsim_gpt-5.6-sol-medium_hybrid_r2,8,9,joint distribution rescore; measurements unchanged
roomsim_gpt-5.6-sol-xhigh_hybrid_r1,8,9,joint distribution rescore; measurements unchanged
roomsim_gpt-5.6-terra-xhigh_hybrid_r4,8,9,joint distribution rescore; measurements unchanged
stencil3d_claude-opus-4.6_hybrid_r1,8,7,joint distribution rescore; measurements unchanged
stencil3d_claude-opus-4.6_hybrid_r2,8,7,joint distribution rescore; measurements unchanged
stencil3d_claude-opus-4.6_hybrid_r3,8,7,joint distribution rescore; measurements unchanged
stencil3d_claude-opus-4.6_hybrid_r4,9,8,joint distribution rescore; measurements unchanged
stencil3d_claude-opus-4.6_hybrid_r5,8,7,joint distribution rescore; measurements unchanged
stencil3d_claude-sonnet-4.5_hybrid_r3,8,7,joint distribution rescore; measurements unchanged
stencil3d_deepseek-v4-flash_hybrid_r1,8,7,joint distribution rescore; measurements unchanged
stencil3d_deepseek-v4-flash_hybrid_r2,7,6,joint distribution rescore; measurements unchanged
stencil3d_deepseek-v4-flash_hybrid_r3,8,7,joint distribution rescore; measurements unchanged
stencil3d_deepseek-v4-flash_hybrid_r4,8,7,joint distribution rescore; measurements unchanged
stencil3d_deepseek-v4-flash_hybrid_r5,7,6,joint distribution rescore; measurements unchanged
stencil3d_gemini-3-pro-preview_hybrid_r4,8,7,joint distribution rescore; measurements unchanged
stencil3d_gpt-5.2-codex_hybrid_r1,7,6,joint distribution rescore; measurements unchanged
stencil3d_gpt-5.2-codex_hybrid_r2,7,6,joint distribution rescore; measurements unchanged
stencil3d_gpt-5.2-codex_hybrid_r3,8,7,joint distribution rescore; measurements unchanged
stencil3d_gpt-5.2-codex_hybrid_r4,7,6,joint distribution rescore; measurements unchanged
stencil3d_gpt-5.2-codex_hybrid_r5,9,8,joint distribution rescore; measurements unchanged
stencil3d_gpt-5.2_hybrid_r1,9,8,joint distribution rescore; measurements unchanged
stencil3d_gpt-5.2_hybrid_r2,9,8,joint distribution rescore; measurements unchanged
stencil3d_gpt-5.2_hybrid_r3,8,7,joint distribution rescore; measurements unchanged
stencil3d_gpt-5.2_hybrid_r4,10,8,joint distribution rescore; measurements unchanged
stencil3d_gpt-5.2_hybrid_r5,8,7,joint distribution rescore; measurements unchanged
stencil3d_gpt-5.6-luna-medium_hybrid_r1,8,7,joint distribution rescore; measurements unchanged
stencil3d_gpt-5.6-luna-medium_hybrid_r2,7,6,joint distribution rescore; measurements unchanged
stencil3d_gpt-5.6-luna-medium_hybrid_r3,8,7,joint distribution rescore; measurements unchanged
stencil3d_gpt-5.6-luna-xhigh_hybrid_r1,8,7,joint distribution rescore; measurements unchanged
stencil3d_gpt-5.6-luna-xhigh_hybrid_r2,8,7,joint distribution rescore; measurements unchanged
stencil3d_gpt-5.6-luna-xhigh_hybrid_r3,9,8,joint distribution rescore; measurements unchanged
stencil3d_gpt-5.6-luna-xhigh_hybrid_r4,8,7,joint distribution rescore; measurements unchanged
stencil3d_gpt-5.6-luna-xhigh_hybrid_r5,9,8,joint distribution rescore; measurements unchanged
stencil3d_gpt-5.6-sol-low_hybrid_r1,8,7,joint distribution rescore; measurements unchanged
stencil3d_gpt-5.6-sol-low_hybrid_r2,9,8,joint distribution rescore; measurements unchanged
stencil3d_gpt-5.6-sol-low_hybrid_r3,8,7,joint distribution rescore; measurements unchanged
stencil3d_gpt-5.6-sol-low_hybrid_r4,9,8,joint distribution rescore; measurements unchanged
stencil3d_gpt-5.6-sol-medium_hybrid_r1,9,8,joint distribution rescore; measurements unchanged
stencil3d_gpt-5.6-sol-medium_hybrid_r2,9,8,joint distribution rescore; measurements unchanged
stencil3d_gpt-5.6-sol-medium_hybrid_r3,9,8,joint distribution rescore; measurements unchanged
stencil3d_gpt-5.6-sol-medium_hybrid_r4,9,8,joint distribution rescore; measurements unchanged
stencil3d_gpt-5.6-sol-medium_hybrid_r5,9,8,joint distribution rescore; measurements unchanged
stencil3d_gpt-5.6-sol-xhigh_hybrid_r1,9,8,joint distribution rescore; measurements unchanged
stencil3d_gpt-5.6-sol-xhigh_hybrid_r3,9,8,joint distribution rescore; measurements unchanged
stencil3d_gpt-5.6-sol-xhigh_hybrid_r4,9,8,joint distribution rescore; measurements unchanged
stencil3d_gpt-5.6-sol-xhigh_hybrid_r5,9,8,joint distribution rescore; measurements unchanged
stencil3d_gpt-5.6-sol-xhigh_omp_r5,10,9,joint distribution rescore; measurements unchanged
stencil3d_gpt-5.6-terra-low_hybrid_r1,8,7,joint distribution rescore; measurements unchanged
stencil3d_gpt-5.6-terra-low_hybrid_r2,9,8,joint distribution rescore; measurements unchanged
stencil3d_gpt-5.6-terra-low_hybrid_r4,8,7,joint distribution rescore; measurements unchanged
stencil3d_gpt-5.6-terra-low_hybrid_r5,8,7,joint distribution rescore; measurements unchanged
stencil3d_gpt-5.6-terra-medium_hybrid_r1,8,7,joint distribution rescore; measurements unchanged
stencil3d_gpt-5.6-terra-medium_hybrid_r2,9,8,joint distribution rescore; measurements unchanged
stencil3d_gpt-5.6-terra-medium_hybrid_r3,8,7,joint distribution rescore; measurements unchanged
stencil3d_gpt-5.6-terra-medium_hybrid_r5,8,7,joint distribution rescore; measurements unchanged
stencil3d_gpt-5.6-terra-medium_omp_r4,6,7,joint distribution rescore; measurements unchanged
stencil3d_gpt-5.6-terra-xhigh_hybrid_r2,8,7,joint distribution rescore; measurements unchanged
stencil3d_gpt-5.6-terra-xhigh_hybrid_r3,9,8,joint distribution rescore; measurements unchanged
stencil3d_gpt-5.6-terra-xhigh_hybrid_r4,9,8,joint distribution rescore; measurements unchanged
stencil3d_gpt-5.6-terra-xhigh_hybrid_r5,9,8,joint distribution rescore; measurements unchanged
stencil3d_gpt-5.6-terra-xhigh_omp_r5,7,8,joint distribution rescore; measurements unchanged
stencil3d_qwen3.7-plus_hybrid_r2,8,7,joint distribution rescore; measurements unchanged
stencil3d_qwen3.7-plus_hybrid_r3,8,7,joint distribution rescore; measurements unchanged
stencil3d_qwen3.7-plus_hybrid_r4,8,7,joint distribution rescore; measurements unchanged
unstructured_claude-opus-4.6_hybrid_r5,8,7,joint distribution rescore; measurements unchanged
unstructured_gpt-5.2_hybrid_r1,9,8,joint distribution rescore; measurements unchanged
unstructured_gpt-5.6-luna-xhigh_hybrid_r3,8,7,joint distribution rescore; measurements unchanged
unstructured_gpt-5.6-luna-xhigh_hybrid_r4,8,7,joint distribution rescore; measurements unchanged
