program_id,benchmark,model,par_type,run,overall_score,benchmark_median_time_ms,source_tree_oid,source_digest,verdict,confidence,issue_categories,timing_only_fix_possible
black-scholes_gpt-6-luna-medium_hybrid_r2,black-scholes,gpt-6-luna-medium,hybrid,2,,,7e6dd357156ce9b0d5519aa1dcc646adfb6173b8,e7e4ac125de34a2f6477dcdbd7efd6b6f971e845130a82be032d1231baf3c55d,valid,high,none,false
black-scholes_gpt-6-luna-medium_hybrid_r5,black-scholes,gpt-6-luna-medium,hybrid,5,,,ff86d3607602685131917eb35c204f2023a62b00,38b6c6c15c512133ebd5a81a144dbee155186042f7ba88c5656c4242eeeca31b,invalid,high,missing_start_synchronization;missing_rank_aggregation;rank_local_timing,true
cahn-hilliard_gpt-6-luna-medium_hybrid_r2,cahn-hilliard,gpt-6-luna-medium,hybrid,2,,,ff7554eb69a2d3c5cda19d7a47268792e81f8174,7f155561fe54fae5b78981393f924694340ca0602bd3b2bd0003b38f6dfa676f,invalid,high,missing_start_synchronization;rank_local_timing,true
cholesky_gpt-6-luna-medium_hybrid_r2,cholesky,gpt-6-luna-medium,hybrid,2,,,4e8dccbc1b0ba94dd9427274704c62cbfa44bd1c,657899bdbad2353c943cc81d0f602ac7accb8f1d039a0efa70690d7aa743e043,invalid,high,missing_rank_aggregation;rank_local_timing;missing_stop_synchronization,true
cholesky_gpt-6-luna-medium_hybrid_r4,cholesky,gpt-6-luna-medium,hybrid,4,,,c0bebc24112f7d99f880c6e9735c331ef355c59e,d9901943acd428ab4ac1838cf9f696d96682ee4b4ddb44703302683f3a9dbb7e,valid,high,none,false
cholesky_gpt-6-luna-medium_mpi_r5,cholesky,gpt-6-luna-medium,mpi,5,,,ecd2f1cdbe2d93cc289d44d25041ce301cc7522b,8ea01e0f2b9b843fc42e231a75e25304d73aec9fd096462b583687745f5ecd7b,valid,high,none,false
cholesky_gpt-6-sol-medium_hybrid_r1,cholesky,gpt-6-sol-medium,hybrid,1,,,60360ae1559606eaf4d165efe492a36ccaff158f,1bd513c7d39ba4df43afed7a358741458219d122a56b0bb8557d18126a6864e0,valid,high,none,false
cholesky_gpt-6-sol-medium_hybrid_r5,cholesky,gpt-6-sol-medium,hybrid,5,,,95b86cbd0f2a2cad201f7b585947c5df0cdeb3ef,0e51ccf6b07d77a27af3138950a814c06d4da4c92966a30ab9a606ec438369a8,valid,high,none,false
floydwarshall_gpt-6-luna-medium_mpi_r2,floydwarshall,gpt-6-luna-medium,mpi,2,,,868999e967480c1e45a3c667ac7669444af6e3f6,b94826168141a5e28c9d3179f0480d93a79c6196614b72bd2c80c02d275058cd,invalid,high,missing_rank_aggregation;rank_local_timing;missing_stop_synchronization,true
floydwarshall_gpt-6-luna-medium_mpi_r3,floydwarshall,gpt-6-luna-medium,mpi,3,,,e59ab8e5a29a6862dcd7f56a284535402979f1fc,5850a026b529809191f98f832e68ae88216f1789c601a5443d30dc25b08c838d,valid,high,none,false
floydwarshall_gpt-6-sol-medium_hybrid_r1,floydwarshall,gpt-6-sol-medium,hybrid,1,,,e7cf9a109f8580ae38352c4710243bcaa60f1b9f,aae54aabbf20ea8d2ab581d9807883b4f3208fd4cc692cd2e7b4ed366417893b,valid,high,none,false
floydwarshall_gpt-6-sol-medium_hybrid_r3,floydwarshall,gpt-6-sol-medium,hybrid,3,,,a741b8a9b5c0792852227356497605291c48719b,5d9329a4af1fa7fb97f347cdbb64e1faa0b16a918f9fab205e57247ffd5bb2b3,invalid,high,rank_local_timing,true
matmul_gpt-6-luna-medium_hybrid_r3,matmul,gpt-6-luna-medium,hybrid,3,,,3300ae77244a9876494f67066c445e90dfb272c3,075bb1235bae602e3b3529de07cd8186a659abd6a68ff53a07fd75a477b1f6ab,invalid,high,missing_start_synchronization;missing_rank_aggregation;rank_local_timing;reported_value_mismatch,true
matmul_gpt-6-luna-medium_hybrid_r5,matmul,gpt-6-luna-medium,hybrid,5,,,c166d75f907ab8ac749d0244bc2fde024cd9e259,098129a3496e83f3f6e8195be5617df69ef6fb059267c640494d7d8ad53f4c22,invalid,high,missing_start_synchronization;missing_rank_aggregation;rank_local_timing;reported_value_mismatch,true
nbody_gpt-6-luna-medium_hybrid_r1,nbody,gpt-6-luna-medium,hybrid,1,,,d8e5c93aeb6b7575fd6d0dcf7e280c4951fc91ba,c4c63968fc3e45b99a7b6a70d41b0025ece54aa3ce67be91e6802ff75a4be9e0,invalid,high,missing_start_synchronization;missing_stop_synchronization;missing_rank_aggregation;rank_local_timing;reported_value_mismatch,true
nbody_gpt-6-luna-medium_hybrid_r3,nbody,gpt-6-luna-medium,hybrid,3,,,daa82619e9ae5c0d9d57fa151584d912486b3103,adaadf128dcf58353d29cbd2dce5a4dfc9abefc841cfe6054f64dc0d087b435d,invalid,high,missing_rank_aggregation;rank_local_timing;missing_start_synchronization,true
nbody_gpt-6-luna-medium_hybrid_r5,nbody,gpt-6-luna-medium,hybrid,5,,,5159fd9ec6c346a2877c0f6a8a7c68a58d2b6ac1,7cc597c9d86c605c76e5bcf231f3840a6237b41adcdf2337b6c78f8217deef65,invalid,high,missing_start_synchronization;missing_rank_aggregation;rank_local_timing,true
nbody_gpt-6-luna-medium_mpi_r5,nbody,gpt-6-luna-medium,mpi,5,,,1045d65655dc6c53c2356d1f4aac73274d345683,ca0c2feb29b738d45216414c8319da5a4e428980af81fb4629dd4c83bf34d6ae,invalid,high,missing_start_synchronization;missing_rank_aggregation;rank_local_timing,true
nbody_gpt-6-sol-medium_hybrid_r2,nbody,gpt-6-sol-medium,hybrid,2,,,22f382104a0b38b51025e037f71d50bf28395a07,4bd61ed2b9697e8f3bf1757f61f97b3514675e4fce6e21512af2610d99847f54,invalid,high,missing_start_synchronization;missing_rank_aggregation;rank_local_timing,true
nbody_gpt-6-sol-medium_hybrid_r3,nbody,gpt-6-sol-medium,hybrid,3,,,b49a21e9c2a7e48c0ffc1730ff77b27e024f03c1,38a7fd83fb45a1cd08170a74f5e5ecb5518bf82e526f75f92a03bf8e92d186d0,invalid,high,missing_rank_aggregation;rank_local_timing;reported_value_mismatch,true
nbody_gpt-6-sol-medium_hybrid_r5,nbody,gpt-6-sol-medium,hybrid,5,,,2fafb934c7df708e06ae171251fa4b2daa02741c,f55fb2f523f5830816c5a8a914dcaf96830384efb4a22368deb34bbfdb646bad,invalid,high,missing_rank_aggregation;rank_local_timing;reported_value_mismatch;missing_start_synchronization,true
qtclustering_gpt-6-astra-medium_hybrid_r1,qtclustering,gpt-6-astra-medium,hybrid,1,,,d97743cedcabff71e5f80a3d25369b904a2acc8d,ccfe664e93ec7a120be88c2d88ea71b70bf74eb0aae71b9e1c0690bb60196be6,invalid,high,rank_local_timing,true
qtclustering_gpt-6-astra-medium_hybrid_r2,qtclustering,gpt-6-astra-medium,hybrid,2,,,b0b2531be70fe7074e58304d3e3353c368676a5c,910b6b35ba26df758d6798e8088ec5577727a03055bbc3c4b5a3a99edb9644ed,invalid,high,missing_start_synchronization;rank_local_timing;reported_value_mismatch,true
qtclustering_gpt-6-astra-medium_hybrid_r3,qtclustering,gpt-6-astra-medium,hybrid,3,,,419b1cbc4b18e1178180664bd03662e78f3f8bed,c547082600d496b0f25b51090d90d91eaa5768af481545b1ab5df78c54c59857,invalid,high,missing_start_synchronization;rank_local_timing;reported_value_mismatch,true
qtclustering_gpt-6-astra-medium_hybrid_r4,qtclustering,gpt-6-astra-medium,hybrid,4,,,3752c2b9d9723c053a9dd39d0b1e172d96ee8d1e,3c968bc252e6d35de687751f7c3cfcdbffdc57eeb5b3030bcb3324b72cf78d9c,invalid,high,missing_start_synchronization;missing_rank_aggregation;rank_local_timing;reported_value_mismatch,true
qtclustering_gpt-6-astra-medium_hybrid_r5,qtclustering,gpt-6-astra-medium,hybrid,5,,,9052d86a8d45712be2e1fba58ee2d61136441f61,cb9589a6a16dacb16d2173245ea249db5253efe808b3a9c9c8fa82a2f89496b7,invalid,high,missing_start_synchronization;rank_local_timing;reported_value_mismatch,true
qtclustering_gpt-6-astra-medium_mpi_r3,qtclustering,gpt-6-astra-medium,mpi,3,,,e323ceb41f7fb425a3a3dfdd97df522e7bf60c97,05f9dced0b38ed07f0a3366bab22cd418f45760cf68e58d04f4056327c014a78,invalid,high,missing_rank_aggregation;rank_local_timing;missing_start_synchronization,true
qtclustering_gpt-6-luna-medium_hybrid_r2,qtclustering,gpt-6-luna-medium,hybrid,2,,,9e1a7f1634d42b03de8ded2018df9cb51a11e047,4a3040737dbc4404029315e58cb87517a68a40e981c6c236d0c34e2afc8a8624,invalid,high,missing_start_synchronization;missing_stop_synchronization;missing_rank_aggregation;rank_local_timing,true
qtclustering_gpt-6-luna-medium_hybrid_r4,qtclustering,gpt-6-luna-medium,hybrid,4,,,11ecbae0ce8c075249f8374eba55602c9c3c0fe2,73efa870cf39bbc3854a751b8221ee146174a190c1033f01bd1d64f4933dd804,invalid,high,missing_rank_aggregation;rank_local_timing,true
qtclustering_gpt-6-luna-medium_mpi_r5,qtclustering,gpt-6-luna-medium,mpi,5,,,6b9e12593a510aebd1056f98578d6d0ab3924db9,bf1be99238b9c6fa13eb38f3351433f75fd52e6b348312f2af13f760f3f296c6,invalid,high,missing_rank_aggregation;rank_local_timing;missing_stop_synchronization,true
qtclustering_gpt-6-sol-medium_hybrid_r1,qtclustering,gpt-6-sol-medium,hybrid,1,,,9e6690e791a1f6354eb5afd2799b77a82dba11d9,0a6d3c1e2d70b82a45908ffe434d29c305c6edb5dd4d117f4fc24fdee66aa75d,invalid,high,missing_rank_aggregation;rank_local_timing;missing_start_synchronization;missing_stop_synchronization,true
qtclustering_gpt-6-sol-medium_hybrid_r3,qtclustering,gpt-6-sol-medium,hybrid,3,,,35d2127b2bd23c163fb05f3a1c7658a9937f3ba1,91be17dec2401d06c6b7be792fa1c91ddb40cb3741b918e1573120055d4fedf0,invalid,high,rank_local_timing;missing_rank_aggregation;missing_start_synchronization;missing_stop_synchronization,true
qtclustering_gpt-6-sol-medium_hybrid_r4,qtclustering,gpt-6-sol-medium,hybrid,4,,,3a97aa70fe6a09f8bb96dda8f177bcc7ee2ab739,c3bced8258274c44c77724b97de4479bf3f29eca30bcbe8bf4025b5e2edbfa4e,invalid,high,rank_local_timing;missing_start_synchronization;missing_stop_synchronization,true
qtclustering_gpt-6-sol-medium_hybrid_r5,qtclustering,gpt-6-sol-medium,hybrid,5,,,6a4330a002334d68f749114b97170db6a57ae108,90a5854d93125678f1b3f479d1c79984ba0a26d00112e16be42b51d521e66ef9,invalid,high,missing_start_synchronization;missing_rank_aggregation;rank_local_timing;reported_value_mismatch,true
qtclustering_gpt-6-sol-medium_mpi_r1,qtclustering,gpt-6-sol-medium,mpi,1,,,d774efeecf5601e773d864a844daf0569a76437d,85b04b6ef2a4b960146dab0980053d21df26246f090018c6471ba105eead4819,invalid,high,missing_start_synchronization;missing_rank_aggregation;rank_local_timing,true
qtclustering_gpt-6-sol-medium_mpi_r5,qtclustering,gpt-6-sol-medium,mpi,5,,,317d9f35074dedf8dbedb04f0fc2d75d4479d00c,fe7bf558b6aae97d18c6d528b4270218f21f33021f68c1abf24cb5163f1be5c6,invalid,high,missing_rank_aggregation;rank_local_timing;missing_start_synchronization;missing_stop_synchronization,true
roomsim_gpt-6-astra-medium_hybrid_r1,roomsim,gpt-6-astra-medium,hybrid,1,,,cb8afc1b3cfbfa3bbfc522732c5bbc82de7f8809,3e7c9b9b1941cb30358f1f0064346d997b1ca9dc6c25ee8d8437d993bf1947a9,invalid,high,missing_rank_aggregation;rank_local_timing;missing_start_synchronization;reported_value_mismatch,true
roomsim_gpt-6-astra-medium_hybrid_r2,roomsim,gpt-6-astra-medium,hybrid,2,,,afb86112e7b09b88dbb6592421b7bd43bf5bbaf9,1521fc7b42747a389f5c14fc57cdee73d9299bfe123c7d7d84bedb9274f4310b,invalid,high,missing_rank_aggregation;rank_local_timing;missing_start_synchronization;reported_value_mismatch,true
roomsim_gpt-6-astra-medium_hybrid_r3,roomsim,gpt-6-astra-medium,hybrid,3,,,7a6820fe87a9720dc7265aa303e42f828134deef,41bfcd1aff7db50c87c35d4335d727d98dbfd961a83cbb7926c0fe1b12c1b83b,invalid,high,missing_start_synchronization;missing_rank_aggregation;rank_local_timing;reported_value_mismatch,true
roomsim_gpt-6-astra-medium_hybrid_r4,roomsim,gpt-6-astra-medium,hybrid,4,,,1ce79554e1c365b74c81a420e0bdacc05742fc7e,4dac197b159a8a9e4c1f4e57e50164de66775174b8efc63df9ea46ce972402ff,invalid,high,missing_start_synchronization;missing_rank_aggregation;rank_local_timing;reported_value_mismatch,true
roomsim_gpt-6-astra-medium_hybrid_r5,roomsim,gpt-6-astra-medium,hybrid,5,,,97a1804be34b00e8343cbc7949ca8b549db6a5ba,1c39ddd3371cf5fdfbd4be42e4836c2c04fc013b3c4ae35aad7563b9674ea0b5,invalid,high,missing_rank_aggregation;rank_local_timing;missing_start_synchronization;reported_value_mismatch,true
roomsim_gpt-6-astra-medium_mpi_r1,roomsim,gpt-6-astra-medium,mpi,1,,,ea8670c3ddea110d73da4278927fa4c1a692eb1f,c71046f5dc51aec32729adc6958a48b306d1ec35a05dd861319ce719f5697d53,invalid,high,missing_rank_aggregation;rank_local_timing;missing_start_synchronization;reported_value_mismatch,true
roomsim_gpt-6-astra-medium_mpi_r2,roomsim,gpt-6-astra-medium,mpi,2,,,b53ff678315cc1b489b3561ab2a15a1525d6f2fc,1a3b24bf78846a05ac0957cf7bad48260be284ae23487c12500b4fcc229d0c70,invalid,high,missing_start_synchronization;missing_rank_aggregation;rank_local_timing;reported_value_mismatch,true
roomsim_gpt-6-astra-medium_mpi_r3,roomsim,gpt-6-astra-medium,mpi,3,,,a306d34130f807f7895073b8508bc29cb269c315,721b9ce27018982280c84aed270136569fa0ce5506f351e6b11b85f78f3d6606,invalid,high,missing_start_synchronization;missing_rank_aggregation;rank_local_timing;reported_value_mismatch,true
roomsim_gpt-6-astra-medium_mpi_r4,roomsim,gpt-6-astra-medium,mpi,4,,,3c1448baef1c1f6b8ce6a3f0ec33958e357d950e,9f21b9a39be791269327f93fd22702aa92a2e60ce8a9ab2e006614a630675132,invalid,high,missing_start_synchronization;missing_rank_aggregation;rank_local_timing;reported_value_mismatch,true
roomsim_gpt-6-luna-medium_hybrid_r3,roomsim,gpt-6-luna-medium,hybrid,3,,,c28fe16ad89150854c90f0a8c170cc4d2de7a277,63f41821b19fe018757dbb9d212fa7c95af8b45f500ea934968e4feef3cd3500,invalid,high,missing_start_synchronization;missing_stop_synchronization;missing_rank_aggregation;rank_local_timing;reported_value_mismatch,true
roomsim_gpt-6-luna-medium_mpi_r1,roomsim,gpt-6-luna-medium,mpi,1,,,3c49badf01a845debcda9370f26464a927e9e42c,d29650e7353a096f76bf034b7a026d4b33c3ab8cf2a89dd55ad199f82803c9db,invalid,high,missing_start_synchronization;missing_rank_aggregation;rank_local_timing;reported_value_mismatch,true
roomsim_gpt-6-sol-medium_hybrid_r1,roomsim,gpt-6-sol-medium,hybrid,1,,,8fae835ec9e375f4ed8dc0d8bfe18068d7d60439,fbe3a1265a0c1f68ac173f45797fe4a0ca3f19d108e32498dc3973c028929a8a,invalid,high,missing_rank_aggregation;rank_local_timing;missing_start_synchronization,true
roomsim_gpt-6-sol-medium_hybrid_r2,roomsim,gpt-6-sol-medium,hybrid,2,,,b1aaf521d3390414fe17e77eace2492683217093,2e6daaa984c8ea038f2fe5f9c666e16c3431c71c2b7c10f9030d2a8920517ca6,invalid,high,missing_rank_aggregation;rank_local_timing;missing_start_synchronization;reported_value_mismatch,true
roomsim_gpt-6-sol-medium_hybrid_r3,roomsim,gpt-6-sol-medium,hybrid,3,,,99b7b26f81602641866f28fae1242eb9dd9eb7d7,4ae0e2dc131483bd4657e1805242ae8c56b181aad16d1a19b61b84a41c85351a,invalid,high,missing_start_synchronization;missing_rank_aggregation;rank_local_timing;reported_value_mismatch,true
roomsim_gpt-6-sol-medium_hybrid_r4,roomsim,gpt-6-sol-medium,hybrid,4,,,c3835b148af52e802b8c905500825b5632460694,65dd9feacdd396ada9edfec79cb3bee315827dd3af7933512f452e44e3c98375,invalid,high,missing_rank_aggregation;rank_local_timing;reported_value_mismatch,true
roomsim_gpt-6-sol-medium_hybrid_r5,roomsim,gpt-6-sol-medium,hybrid,5,,,1888a9738a1c46baabdc5cfc2ec711b6d1aa3c3d,b7e9717c92cde813f99128978bdc80f36eee6c16197bfc9f0d481013f38cb556,invalid,high,missing_rank_aggregation;rank_local_timing;missing_start_synchronization;reported_value_mismatch,true
roomsim_gpt-6-sol-medium_mpi_r2,roomsim,gpt-6-sol-medium,mpi,2,,,5d7a2a0f70a4221dfe7f87c1a45a53042ed79689,6b6b9da9127418c85807da455e40505a7cd047b551fe579e2cd5fc928796fa24,invalid,high,missing_start_synchronization;missing_rank_aggregation;rank_local_timing,true
roomsim_gpt-6-sol-medium_mpi_r5,roomsim,gpt-6-sol-medium,mpi,5,,,22285fd517d5381ecdf9cde3bdf11f16dbd611fb,3bfcf064e7ce87be9939ca3aff28a9b3f2b5f0be9aadec13c3c063cbb4b8b23c,invalid,high,missing_rank_aggregation;rank_local_timing;missing_start_synchronization;reported_value_mismatch,true
stencil3d_gpt-6-luna-medium_mpi_r2,stencil3d,gpt-6-luna-medium,mpi,2,,,02856062d52e7ff7774fd2c53e3a9d4b9c88b501,facc179d2b8d7f047cdc6183133dcfa7807d1cce6b8732f4fd9067b9082fe680,invalid,high,missing_start_synchronization;missing_rank_aggregation;rank_local_timing,true
unstructured_gpt-6-luna-medium_hybrid_r2,unstructured,gpt-6-luna-medium,hybrid,2,,,e12e5f7d14da058bd6ee8a91342b7a5f019bb11d,57d31b090bea7ab97df5833f4d55e732963e826631410cc97662194c0a063103,invalid,high,missing_rank_aggregation;rank_local_timing;missing_stop_synchronization;reported_value_mismatch,true
unstructured_gpt-6-luna-medium_hybrid_r4,unstructured,gpt-6-luna-medium,hybrid,4,,,6a690fa1f4d4fbaed28c8ee5ce68b56f0437615e,7c36907cbbfd1adcc952372f9890a3d32efbb09a6195a86a92cb09b576020dc6,valid,medium,none,false
