program_id,reasons,overall_score,first_verdict,second_verdict,verdict_agreement,adjudication_required,first_confidence,second_confidence,first_issue_categories,second_issue_categories,first_timing_only_fix_possible,second_timing_only_fix_possible
black-scholes_claude-fable-5-cc-medium_hybrid_r1,invalid,,invalid,invalid,true,true,high,high,missing_rank_aggregation;rank_local_timing,missing_start_synchronization;missing_rank_aggregation;rank_local_timing;reported_value_mismatch,true,true
black-scholes_claude-fable-5-cc-medium_hybrid_r4,invalid,,invalid,invalid,true,true,high,high,missing_rank_aggregation;rank_local_timing,missing_start_synchronization;missing_rank_aggregation;rank_local_timing;reported_value_mismatch,true,true
black-scholes_claude-fable-5-cc-medium_hybrid_r5,invalid,,invalid,invalid,true,false,high,high,missing_start_synchronization;missing_rank_aggregation;rank_local_timing,missing_start_synchronization;missing_rank_aggregation;rank_local_timing,true,true
black-scholes_claude-fable-5-cc-medium_mpi_r2,invalid,,invalid,invalid,true,false,high,high,missing_rank_aggregation;rank_local_timing,missing_rank_aggregation;rank_local_timing,true,true
black-scholes_claude-fable-5-cc-medium_mpi_r3,invalid,,invalid,invalid,true,true,high,high,missing_rank_aggregation;rank_local_timing,rank_local_timing;missing_rank_aggregation;missing_start_synchronization,true,true
black-scholes_claude-opus-5-cc-medium_hybrid_r1,invalid,,invalid,invalid,true,true,high,high,missing_start_synchronization;missing_rank_aggregation;rank_local_timing,missing_rank_aggregation;rank_local_timing,true,true
black-scholes_claude-sonnet-5-cc-medium_mpi_r2,invalid,,invalid,invalid,true,false,high,high,missing_rank_aggregation;rank_local_timing,missing_rank_aggregation;rank_local_timing,true,true
cahn-hilliard_claude-fable-5-cc-medium_hybrid_r1,invalid,,invalid,invalid,true,true,high,high,missing_rank_aggregation;rank_local_timing,missing_rank_aggregation;rank_local_timing;missing_start_synchronization,true,true
cahn-hilliard_claude-fable-5-cc-medium_hybrid_r2,invalid,,invalid,invalid,true,true,high,high,missing_rank_aggregation;rank_local_timing;reported_value_mismatch,missing_start_synchronization;missing_rank_aggregation;rank_local_timing,true,true
cahn-hilliard_claude-fable-5-cc-medium_hybrid_r3,invalid,,invalid,invalid,true,true,high,high,missing_rank_aggregation;rank_local_timing,missing_start_synchronization;missing_rank_aggregation;rank_local_timing,true,true
cahn-hilliard_claude-fable-5-cc-medium_hybrid_r4,invalid,,invalid,invalid,true,true,high,high,missing_rank_aggregation;rank_local_timing,missing_start_synchronization;missing_rank_aggregation;rank_local_timing;reported_value_mismatch,true,true
cahn-hilliard_claude-fable-5-cc-medium_hybrid_r5,invalid,,invalid,invalid,true,true,high,high,missing_start_synchronization;missing_rank_aggregation;rank_local_timing;reported_value_mismatch,missing_start_synchronization;missing_rank_aggregation;rank_local_timing,true,true
cahn-hilliard_claude-fable-5-cc-medium_mpi_r1,invalid,,invalid,invalid,true,true,high,high,missing_rank_aggregation;rank_local_timing,missing_rank_aggregation;rank_local_timing;missing_start_synchronization,true,true
cahn-hilliard_claude-fable-5-cc-medium_mpi_r2,invalid,,invalid,invalid,true,false,high,high,missing_rank_aggregation;rank_local_timing,missing_rank_aggregation;rank_local_timing,true,true
cahn-hilliard_claude-fable-5-cc-medium_mpi_r3,invalid,,invalid,invalid,true,true,high,high,missing_rank_aggregation;rank_local_timing,missing_start_synchronization;missing_rank_aggregation;rank_local_timing,true,true
cahn-hilliard_claude-fable-5-cc-medium_mpi_r4,invalid,,invalid,invalid,true,true,high,high,missing_rank_aggregation;rank_local_timing,missing_start_synchronization;missing_rank_aggregation;rank_local_timing;reported_value_mismatch,true,true
cahn-hilliard_claude-fable-5-cc-medium_mpi_r5,invalid,,invalid,invalid,true,true,high,high,missing_rank_aggregation;rank_local_timing,missing_start_synchronization;missing_rank_aggregation;rank_local_timing,true,true
cahn-hilliard_claude-opus-5-cc-medium_hybrid_r1,invalid,,invalid,invalid,true,true,high,high,missing_rank_aggregation;rank_local_timing;missing_device_synchronization;reported_value_mismatch,missing_rank_aggregation;rank_local_timing;missing_start_synchronization,true,true
cahn-hilliard_claude-opus-5-cc-medium_hybrid_r2,invalid,,invalid,invalid,true,true,high,high,missing_start_synchronization;missing_rank_aggregation;rank_local_timing,missing_start_synchronization;missing_rank_aggregation;rank_local_timing;reported_value_mismatch,true,true
cahn-hilliard_claude-opus-5-cc-medium_hybrid_r3,invalid,,invalid,invalid,true,false,high,high,missing_start_synchronization;missing_rank_aggregation;rank_local_timing;reported_value_mismatch,missing_start_synchronization;missing_rank_aggregation;rank_local_timing;reported_value_mismatch,true,true
cahn-hilliard_claude-opus-5-cc-medium_hybrid_r4,invalid,,invalid,invalid,true,true,high,high,missing_rank_aggregation;rank_local_timing,missing_start_synchronization;missing_rank_aggregation;rank_local_timing;reported_value_mismatch,true,true
cahn-hilliard_claude-sonnet-5-cc-medium_hybrid_r1,invalid,,invalid,invalid,true,true,high,high,missing_rank_aggregation;rank_local_timing,missing_start_synchronization;missing_rank_aggregation;rank_local_timing;reported_value_mismatch,true,true
cahn-hilliard_claude-sonnet-5-cc-medium_hybrid_r5,invalid,,invalid,invalid,true,true,high,high,missing_rank_aggregation;rank_local_timing,missing_start_synchronization;missing_rank_aggregation;rank_local_timing;reported_value_mismatch,true,true
cahn-hilliard_claude-sonnet-5-cc-medium_mpi_r2,invalid,,invalid,invalid,true,false,high,high,missing_rank_aggregation;rank_local_timing,missing_rank_aggregation;rank_local_timing,true,true
cahn-hilliard_claude-sonnet-5-cc-medium_mpi_r4,invalid,,invalid,invalid,true,true,high,high,missing_rank_aggregation;rank_local_timing,missing_start_synchronization;missing_rank_aggregation;rank_local_timing,true,true
cholesky_claude-fable-5-cc-medium_hybrid_r1,invalid,,invalid,valid,false,true,high,high,missing_rank_aggregation;rank_local_timing,none,true,false
cholesky_claude-fable-5-cc-medium_hybrid_r2,invalid,,invalid,valid,false,true,high,high,missing_rank_aggregation;rank_local_timing,none,true,false
cholesky_claude-fable-5-cc-medium_hybrid_r3,invalid,,invalid,valid,false,true,high,high,missing_rank_aggregation;rank_local_timing,none,true,false
cholesky_claude-fable-5-cc-medium_hybrid_r4,invalid,,invalid,valid,false,true,high,high,missing_rank_aggregation;rank_local_timing;missing_start_synchronization,none,true,false
cholesky_claude-fable-5-cc-medium_hybrid_r5,invalid,,invalid,valid,false,true,high,high,missing_rank_aggregation;rank_local_timing,none,true,false
cholesky_claude-fable-5-cc-medium_mpi_r1,invalid,,invalid,valid,false,true,high,high,missing_rank_aggregation;rank_local_timing;reported_value_mismatch,none,true,false
cholesky_claude-fable-5-cc-medium_mpi_r2,invalid,,invalid,valid,false,true,high,high,missing_start_synchronization;missing_rank_aggregation;rank_local_timing;reported_value_mismatch,none,true,false
cholesky_claude-fable-5-cc-medium_mpi_r3,invalid,,invalid,valid,false,true,high,high,missing_rank_aggregation;rank_local_timing;missing_start_synchronization,none,true,false
cholesky_claude-fable-5-cc-medium_mpi_r4,invalid,,invalid,valid,false,true,high,high,missing_rank_aggregation;rank_local_timing,none,true,false
cholesky_claude-fable-5-cc-medium_mpi_r5,invalid,,invalid,valid,false,true,high,high,missing_rank_aggregation;rank_local_timing,none,true,false
cholesky_claude-opus-5-cc-medium_hybrid_r1,invalid,,invalid,valid,false,true,high,high,missing_rank_aggregation;rank_local_timing;reported_value_mismatch,none,true,false
cholesky_claude-opus-5-cc-medium_hybrid_r2,invalid,,invalid,valid,false,true,high,high,missing_rank_aggregation;rank_local_timing,none,true,false
cholesky_claude-opus-5-cc-medium_hybrid_r3,invalid,,invalid,invalid,true,true,high,high,missing_rank_aggregation;rank_local_timing,missing_rank_aggregation;rank_local_timing;missing_stop_synchronization,true,true
cholesky_claude-opus-5-cc-medium_hybrid_r4,invalid,,invalid,valid,false,true,high,high,missing_rank_aggregation;rank_local_timing,none,true,false
cholesky_claude-opus-5-cc-medium_hybrid_r5,invalid,,invalid,valid,false,true,high,high,missing_rank_aggregation;rank_local_timing,none,true,false
cholesky_claude-opus-5-cc-medium_mpi_r2,invalid,,invalid,valid,false,true,high,high,missing_rank_aggregation;rank_local_timing,none,true,false
cholesky_claude-opus-5-cc-medium_mpi_r4,invalid,,invalid,valid,false,true,high,high,missing_rank_aggregation;rank_local_timing,none,true,false
cholesky_claude-opus-5-cc-medium_mpi_r5,invalid,,invalid,valid,false,true,high,high,missing_rank_aggregation;rank_local_timing,none,true,false
cholesky_claude-sonnet-5-cc-medium_hybrid_r1,invalid,,invalid,valid,false,true,high,high,missing_start_synchronization;missing_rank_aggregation;rank_local_timing;reported_value_mismatch,none,true,false
cholesky_claude-sonnet-5-cc-medium_hybrid_r2,invalid,,invalid,valid,false,true,high,high,missing_start_synchronization;missing_rank_aggregation;rank_local_timing,none,true,false
cholesky_claude-sonnet-5-cc-medium_hybrid_r3,invalid,,invalid,valid,false,true,high,high,missing_rank_aggregation;rank_local_timing,none,true,false
cholesky_claude-sonnet-5-cc-medium_hybrid_r4,invalid,,invalid,valid,false,true,high,high,missing_rank_aggregation;rank_local_timing,none,true,false
cholesky_claude-sonnet-5-cc-medium_hybrid_r5,invalid,,invalid,invalid,true,true,high,high,missing_start_synchronization;missing_rank_aggregation;rank_local_timing,missing_rank_aggregation;rank_local_timing,true,true
cholesky_claude-sonnet-5-cc-medium_mpi_r1,invalid,,invalid,valid,false,true,high,high,missing_rank_aggregation;rank_local_timing,none,true,false
cholesky_claude-sonnet-5-cc-medium_mpi_r2,invalid,,invalid,valid,false,true,high,high,missing_rank_aggregation;rank_local_timing;reported_value_mismatch,none,true,false
floydwarshall_claude-fable-5-cc-medium_hybrid_r1,invalid,,invalid,valid,false,true,high,high,missing_rank_aggregation;rank_local_timing,none,true,false
floydwarshall_claude-fable-5-cc-medium_hybrid_r2,invalid,,invalid,invalid,true,true,high,high,missing_rank_aggregation;rank_local_timing,missing_start_synchronization;missing_rank_aggregation;rank_local_timing,true,true
floydwarshall_claude-fable-5-cc-medium_hybrid_r3,invalid,,invalid,valid,false,true,high,high,missing_rank_aggregation;rank_local_timing;reported_value_mismatch,none,true,false
floydwarshall_claude-fable-5-cc-medium_hybrid_r4,invalid,,invalid,valid,false,true,high,high,missing_rank_aggregation;rank_local_timing,none,true,false
floydwarshall_claude-fable-5-cc-medium_hybrid_r5,invalid,,invalid,valid,false,true,high,high,missing_rank_aggregation;rank_local_timing;missing_start_synchronization,none,true,false
floydwarshall_claude-fable-5-cc-medium_mpi_r1,invalid,,invalid,invalid,true,true,high,high,missing_rank_aggregation;rank_local_timing;reported_value_mismatch;missing_start_synchronization,missing_rank_aggregation;rank_local_timing,true,true
floydwarshall_claude-fable-5-cc-medium_mpi_r2,invalid,,invalid,valid,false,true,high,high,missing_rank_aggregation;rank_local_timing;missing_start_synchronization,none,true,false
floydwarshall_claude-fable-5-cc-medium_mpi_r3,invalid,,invalid,valid,false,true,high,high,missing_rank_aggregation;rank_local_timing;missing_start_synchronization,none,true,false
floydwarshall_claude-fable-5-cc-medium_mpi_r4,invalid,,invalid,valid,false,true,high,high,missing_rank_aggregation;rank_local_timing;reported_value_mismatch,none,true,false
floydwarshall_claude-fable-5-cc-medium_mpi_r5,invalid,,invalid,valid,false,true,high,high,missing_rank_aggregation;rank_local_timing;missing_start_synchronization,none,true,false
floydwarshall_claude-opus-5-cc-medium_hybrid_r1,invalid,,invalid,valid,false,true,high,high,missing_start_synchronization;missing_rank_aggregation;rank_local_timing;reported_value_mismatch,none,true,false
floydwarshall_claude-opus-5-cc-medium_hybrid_r2,invalid,,invalid,valid,false,true,high,high,missing_rank_aggregation;rank_local_timing,none,true,false
floydwarshall_claude-opus-5-cc-medium_hybrid_r3,invalid,,invalid,ambiguous,false,true,high,high,missing_start_synchronization;missing_rank_aggregation;rank_local_timing;reported_value_mismatch,rank_local_timing;missing_rank_aggregation;missing_start_synchronization,true,true
floydwarshall_claude-opus-5-cc-medium_hybrid_r4,invalid,,invalid,valid,false,true,high,high,missing_rank_aggregation;rank_local_timing,none,true,false
floydwarshall_claude-opus-5-cc-medium_hybrid_r5,invalid,,invalid,valid,false,true,high,high,missing_rank_aggregation;rank_local_timing,none,true,false
floydwarshall_claude-opus-5-cc-medium_mpi_r2,invalid,,invalid,valid,false,true,high,high,missing_rank_aggregation;rank_local_timing,none,true,false
floydwarshall_claude-opus-5-cc-medium_mpi_r4,invalid,,invalid,valid,false,true,high,high,missing_start_synchronization;missing_rank_aggregation;rank_local_timing,none,true,false
floydwarshall_claude-opus-5-cc-medium_mpi_r5,invalid,,invalid,valid,false,true,high,high,missing_rank_aggregation;rank_local_timing,none,true,false
floydwarshall_claude-sonnet-5-cc-medium_hybrid_r1,invalid,,invalid,valid,false,true,high,high,missing_rank_aggregation;rank_local_timing,none,true,false
floydwarshall_claude-sonnet-5-cc-medium_hybrid_r2,invalid,,invalid,valid,false,true,high,high,missing_start_synchronization;missing_rank_aggregation;rank_local_timing,none,true,false
floydwarshall_claude-sonnet-5-cc-medium_hybrid_r3,invalid,,invalid,invalid,true,true,high,high,missing_rank_aggregation;rank_local_timing;missing_start_synchronization,missing_rank_aggregation;rank_local_timing;missing_stop_synchronization,true,true
floydwarshall_claude-sonnet-5-cc-medium_hybrid_r5,invalid,,invalid,valid,false,true,high,high,missing_rank_aggregation;rank_local_timing,none,true,false
floydwarshall_claude-sonnet-5-cc-medium_mpi_r1,invalid,,invalid,valid,false,true,high,high,missing_start_synchronization;missing_rank_aggregation;rank_local_timing,none,true,false
floydwarshall_claude-sonnet-5-cc-medium_mpi_r3,invalid,,invalid,valid,false,true,high,high,missing_rank_aggregation;rank_local_timing,none,true,false
floydwarshall_claude-sonnet-5-cc-medium_mpi_r5,invalid,,invalid,valid,false,true,high,high,missing_start_synchronization;missing_rank_aggregation;rank_local_timing,none,true,false
matmul_claude-fable-5-cc-medium_hybrid_r1,invalid,,invalid,invalid,true,true,high,high,missing_rank_aggregation;rank_local_timing,missing_start_synchronization;missing_rank_aggregation;rank_local_timing,true,true
matmul_claude-fable-5-cc-medium_hybrid_r2,invalid,,invalid,invalid,true,true,high,high,missing_rank_aggregation;rank_local_timing,missing_rank_aggregation;rank_local_timing;missing_start_synchronization,true,true
matmul_claude-fable-5-cc-medium_hybrid_r3,invalid,,invalid,invalid,true,true,high,high,missing_start_synchronization;missing_rank_aggregation;rank_local_timing,missing_rank_aggregation;rank_local_timing,true,true
matmul_claude-fable-5-cc-medium_hybrid_r4,invalid,,invalid,invalid,true,true,high,high,missing_rank_aggregation;rank_local_timing,missing_start_synchronization;missing_rank_aggregation;rank_local_timing;reported_value_mismatch,true,true
matmul_claude-fable-5-cc-medium_hybrid_r5,invalid,,invalid,invalid,true,false,high,high,missing_rank_aggregation;rank_local_timing;missing_start_synchronization,missing_start_synchronization;missing_rank_aggregation;rank_local_timing,true,true
matmul_claude-fable-5-cc-medium_mpi_r1,invalid,,invalid,invalid,true,true,high,high,missing_rank_aggregation;rank_local_timing;missing_start_synchronization,missing_start_synchronization;missing_rank_aggregation;rank_local_timing;reported_value_mismatch,true,true
matmul_claude-fable-5-cc-medium_mpi_r2,invalid,,invalid,invalid,true,false,high,high,missing_rank_aggregation;rank_local_timing;missing_start_synchronization,missing_start_synchronization;missing_rank_aggregation;rank_local_timing,true,true
matmul_claude-fable-5-cc-medium_mpi_r3,invalid,,invalid,invalid,true,false,high,high,missing_start_synchronization;missing_rank_aggregation;rank_local_timing;reported_value_mismatch,missing_start_synchronization;missing_rank_aggregation;rank_local_timing;reported_value_mismatch,true,true
matmul_claude-fable-5-cc-medium_mpi_r4,invalid,,invalid,invalid,true,false,high,high,missing_start_synchronization;missing_rank_aggregation;rank_local_timing;reported_value_mismatch,missing_start_synchronization;missing_rank_aggregation;rank_local_timing;reported_value_mismatch,true,true
matmul_claude-fable-5-cc-medium_mpi_r5,invalid,,invalid,invalid,true,true,high,high,missing_start_synchronization;missing_rank_aggregation;rank_local_timing;reported_value_mismatch,missing_rank_aggregation;rank_local_timing,true,true
matmul_claude-opus-5-cc-medium_hybrid_r1,invalid,,invalid,invalid,true,true,high,high,missing_start_synchronization;missing_rank_aggregation;rank_local_timing,missing_start_synchronization;missing_rank_aggregation;rank_local_timing;reported_value_mismatch,true,true
matmul_claude-opus-5-cc-medium_hybrid_r2,invalid,,invalid,invalid,true,true,high,high,missing_start_synchronization;rank_local_timing;reported_value_mismatch,missing_start_synchronization;missing_rank_aggregation;rank_local_timing;reported_value_mismatch,true,true
matmul_claude-opus-5-cc-medium_hybrid_r3,invalid,,invalid,invalid,true,false,high,high,missing_start_synchronization;missing_rank_aggregation;rank_local_timing,missing_start_synchronization;missing_rank_aggregation;rank_local_timing,true,true
matmul_claude-opus-5-cc-medium_hybrid_r4,invalid,,invalid,invalid,true,true,high,high,missing_rank_aggregation;rank_local_timing,missing_rank_aggregation;rank_local_timing;reported_value_mismatch,true,true
matmul_claude-opus-5-cc-medium_hybrid_r5,invalid,,invalid,invalid,true,false,high,high,missing_start_synchronization;missing_rank_aggregation;rank_local_timing;reported_value_mismatch,missing_start_synchronization;missing_rank_aggregation;rank_local_timing;reported_value_mismatch,true,true
matmul_claude-opus-5-cc-medium_mpi_r3,invalid,,invalid,invalid,true,true,high,high,missing_rank_aggregation;rank_local_timing,missing_rank_aggregation;rank_local_timing;missing_stop_synchronization,true,true
matmul_claude-opus-5-cc-medium_mpi_r4,invalid,,invalid,invalid,true,true,high,high,missing_rank_aggregation;rank_local_timing,missing_start_synchronization;missing_rank_aggregation;rank_local_timing;reported_value_mismatch,true,true
matmul_claude-sonnet-5-cc-medium_hybrid_r1,invalid,,invalid,invalid,true,true,high,high,missing_rank_aggregation;rank_local_timing,missing_start_synchronization;missing_rank_aggregation;rank_local_timing,true,true
matmul_claude-sonnet-5-cc-medium_hybrid_r2,invalid,,invalid,invalid,true,true,high,high,missing_rank_aggregation;rank_local_timing;missing_start_synchronization,missing_start_synchronization;missing_rank_aggregation;rank_local_timing;reported_value_mismatch,true,true
matmul_claude-sonnet-5-cc-medium_hybrid_r4,invalid,,invalid,invalid,true,true,high,high,missing_rank_aggregation;rank_local_timing;reported_value_mismatch,missing_start_synchronization;missing_rank_aggregation;rank_local_timing,true,true
matmul_claude-sonnet-5-cc-medium_mpi_r1,invalid,,invalid,invalid,true,false,high,high,missing_rank_aggregation;rank_local_timing;missing_start_synchronization;reported_value_mismatch,missing_start_synchronization;missing_rank_aggregation;rank_local_timing;reported_value_mismatch,true,true
nbody_claude-fable-5-cc-medium_hybrid_r1,invalid,,invalid,invalid,true,true,high,high,missing_rank_aggregation;rank_local_timing,missing_start_synchronization;missing_rank_aggregation;rank_local_timing,true,true
nbody_claude-fable-5-cc-medium_hybrid_r2,invalid,,invalid,invalid,true,true,high,high,missing_rank_aggregation;rank_local_timing;reported_value_mismatch,missing_rank_aggregation;rank_local_timing,true,true
nbody_claude-fable-5-cc-medium_hybrid_r3,invalid,,invalid,invalid,true,true,high,high,missing_rank_aggregation;rank_local_timing,missing_start_synchronization;missing_rank_aggregation;rank_local_timing,true,true
nbody_claude-fable-5-cc-medium_hybrid_r4,invalid,,invalid,invalid,true,true,high,high,missing_rank_aggregation;rank_local_timing,missing_rank_aggregation;rank_local_timing;missing_start_synchronization;missing_stop_synchronization,true,true
nbody_claude-fable-5-cc-medium_hybrid_r5,invalid,,invalid,invalid,true,true,high,high,missing_start_synchronization;missing_rank_aggregation;rank_local_timing,missing_start_synchronization;missing_rank_aggregation;rank_local_timing;reported_value_mismatch,true,true
nbody_claude-fable-5-cc-medium_mpi_r1,invalid,,invalid,invalid,true,true,high,high,missing_rank_aggregation;rank_local_timing;reported_value_mismatch,missing_rank_aggregation;rank_local_timing;missing_start_synchronization;reported_value_mismatch,true,true
nbody_claude-fable-5-cc-medium_mpi_r2,invalid,,invalid,invalid,true,false,high,high,missing_rank_aggregation;rank_local_timing;reported_value_mismatch,missing_rank_aggregation;rank_local_timing;reported_value_mismatch,true,true
nbody_claude-fable-5-cc-medium_mpi_r3,invalid,,invalid,invalid,true,true,high,high,missing_rank_aggregation;rank_local_timing;reported_value_mismatch,missing_rank_aggregation;rank_local_timing,true,true
nbody_claude-fable-5-cc-medium_mpi_r4,invalid,,invalid,invalid,true,true,high,high,missing_rank_aggregation;rank_local_timing;reported_value_mismatch,missing_rank_aggregation;rank_local_timing,true,true
nbody_claude-fable-5-cc-medium_mpi_r5,invalid,,invalid,invalid,true,true,high,high,missing_rank_aggregation;rank_local_timing;missing_stop_synchronization,missing_start_synchronization;missing_rank_aggregation;rank_local_timing,true,true
nbody_claude-opus-5-cc-medium_hybrid_r1,invalid,,invalid,invalid,true,true,high,high,missing_rank_aggregation;rank_local_timing,missing_start_synchronization;missing_rank_aggregation;rank_local_timing,true,true
nbody_claude-opus-5-cc-medium_hybrid_r2,invalid,,invalid,invalid,true,false,high,high,missing_rank_aggregation;rank_local_timing,missing_rank_aggregation;rank_local_timing,true,true
nbody_claude-opus-5-cc-medium_hybrid_r4,invalid,,invalid,invalid,true,true,high,high,missing_rank_aggregation;rank_local_timing,missing_start_synchronization;missing_rank_aggregation;rank_local_timing;reported_value_mismatch,true,true
nbody_claude-opus-5-cc-medium_hybrid_r5,invalid,,invalid,invalid,true,false,high,high,missing_rank_aggregation;rank_local_timing,missing_rank_aggregation;rank_local_timing,true,true
nbody_claude-opus-5-cc-medium_mpi_r2,invalid,,invalid,invalid,true,true,high,high,missing_rank_aggregation;rank_local_timing,missing_start_synchronization;missing_rank_aggregation;rank_local_timing;reported_value_mismatch,true,true
nbody_claude-opus-5-cc-medium_mpi_r5,invalid,,invalid,invalid,true,true,high,high,missing_rank_aggregation;rank_local_timing;missing_stop_synchronization,missing_start_synchronization;missing_stop_synchronization;missing_rank_aggregation;rank_local_timing,true,true
nbody_claude-sonnet-5-cc-medium_hybrid_r1,invalid,,invalid,invalid,true,false,high,high,missing_start_synchronization;missing_rank_aggregation;rank_local_timing,missing_start_synchronization;missing_rank_aggregation;rank_local_timing,true,true
nbody_claude-sonnet-5-cc-medium_hybrid_r2,invalid,,invalid,invalid,true,true,high,high,missing_rank_aggregation;rank_local_timing;reported_value_mismatch,missing_start_synchronization;missing_rank_aggregation;rank_local_timing,true,true
nbody_claude-sonnet-5-cc-medium_hybrid_r4,invalid,,invalid,invalid,true,true,high,high,missing_rank_aggregation;rank_local_timing;reported_value_mismatch,missing_start_synchronization;missing_rank_aggregation;rank_local_timing;reported_value_mismatch,true,true
nbody_claude-sonnet-5-cc-medium_mpi_r2,invalid,,invalid,invalid,true,true,high,high,missing_rank_aggregation;rank_local_timing,missing_start_synchronization;missing_rank_aggregation;rank_local_timing,true,true
nbody_claude-sonnet-5-cc-medium_mpi_r3,invalid,,invalid,invalid,true,true,high,high,missing_rank_aggregation;rank_local_timing,missing_start_synchronization;missing_rank_aggregation;rank_local_timing,true,true
nbody_claude-sonnet-5-cc-medium_mpi_r4,invalid,,invalid,invalid,true,false,high,high,missing_rank_aggregation;rank_local_timing;missing_start_synchronization,missing_start_synchronization;missing_rank_aggregation;rank_local_timing,true,true
nbody_claude-sonnet-5-cc-medium_mpi_r5,invalid,,invalid,invalid,true,true,high,high,missing_rank_aggregation;rank_local_timing,missing_start_synchronization;missing_rank_aggregation;rank_local_timing;reported_value_mismatch,true,true
qtclustering_claude-fable-5-cc-medium_hybrid_r1,invalid,,invalid,invalid,true,true,high,high,missing_rank_aggregation;rank_local_timing,missing_start_synchronization;missing_rank_aggregation;rank_local_timing;reported_value_mismatch,true,true
qtclustering_claude-fable-5-cc-medium_hybrid_r2,invalid,,invalid,invalid,true,false,high,high,missing_start_synchronization;missing_rank_aggregation;rank_local_timing,missing_start_synchronization;missing_rank_aggregation;rank_local_timing,true,true
qtclustering_claude-fable-5-cc-medium_hybrid_r3,invalid,,invalid,invalid,true,true,high,high,missing_rank_aggregation;rank_local_timing;reported_value_mismatch,missing_start_synchronization;missing_rank_aggregation;rank_local_timing,true,true
qtclustering_claude-fable-5-cc-medium_hybrid_r4,invalid,,invalid,invalid,true,true,high,high,missing_rank_aggregation;rank_local_timing;asymmetric_timed_region,missing_rank_aggregation;rank_local_timing,true,true
qtclustering_claude-fable-5-cc-medium_hybrid_r5,invalid,,invalid,invalid,true,true,high,high,missing_rank_aggregation;rank_local_timing;reported_value_mismatch,missing_start_synchronization;missing_rank_aggregation;rank_local_timing,true,true
qtclustering_claude-fable-5-cc-medium_mpi_r1,invalid,,invalid,invalid,true,true,high,high,missing_rank_aggregation;rank_local_timing,missing_start_synchronization;missing_rank_aggregation;rank_local_timing;reported_value_mismatch,true,true
qtclustering_claude-fable-5-cc-medium_mpi_r2,invalid,,invalid,invalid,true,true,high,high,missing_rank_aggregation;rank_local_timing,missing_rank_aggregation;rank_local_timing;missing_stop_synchronization,true,true
qtclustering_claude-fable-5-cc-medium_mpi_r3,invalid,,invalid,invalid,true,true,high,high,missing_rank_aggregation;rank_local_timing;reported_value_mismatch,rank_local_timing;missing_rank_aggregation;missing_start_synchronization,true,true
qtclustering_claude-fable-5-cc-medium_mpi_r4,invalid,,invalid,invalid,true,true,high,high,missing_rank_aggregation;rank_local_timing,missing_start_synchronization;missing_rank_aggregation;rank_local_timing,true,true
qtclustering_claude-fable-5-cc-medium_mpi_r5,invalid,,invalid,invalid,true,true,high,high,missing_rank_aggregation;rank_local_timing,missing_start_synchronization;missing_stop_synchronization;missing_rank_aggregation;rank_local_timing;reported_value_mismatch,true,true
qtclustering_claude-opus-5-cc-medium_hybrid_r1,invalid,,invalid,invalid,true,true,high,high,missing_rank_aggregation;rank_local_timing,missing_start_synchronization;missing_rank_aggregation;rank_local_timing;reported_value_mismatch,true,true
qtclustering_claude-opus-5-cc-medium_hybrid_r2,invalid,,invalid,invalid,true,true,high,high,missing_start_synchronization;missing_rank_aggregation;rank_local_timing;reported_value_mismatch,missing_start_synchronization;rank_local_timing,true,true
qtclustering_claude-opus-5-cc-medium_hybrid_r3,invalid,,invalid,invalid,true,false,high,high,missing_start_synchronization;missing_rank_aggregation;rank_local_timing,missing_start_synchronization;missing_rank_aggregation;rank_local_timing,true,true
qtclustering_claude-opus-5-cc-medium_hybrid_r4,invalid,,invalid,invalid,true,true,high,high,missing_rank_aggregation;rank_local_timing;missing_start_synchronization,missing_start_synchronization;missing_rank_aggregation;rank_local_timing;reported_value_mismatch,true,true
qtclustering_claude-opus-5-cc-medium_hybrid_r5,invalid,,invalid,invalid,true,true,high,high,missing_rank_aggregation;rank_local_timing,missing_start_synchronization;missing_rank_aggregation;rank_local_timing,true,true
qtclustering_claude-opus-5-cc-medium_mpi_r1,invalid,,invalid,invalid,true,false,high,high,missing_start_synchronization;missing_rank_aggregation;rank_local_timing,missing_start_synchronization;missing_rank_aggregation;rank_local_timing,true,true
qtclustering_claude-opus-5-cc-medium_mpi_r2,invalid,,invalid,invalid,true,true,high,high,missing_rank_aggregation;rank_local_timing,missing_rank_aggregation;rank_local_timing;missing_start_synchronization;missing_stop_synchronization,true,true
qtclustering_claude-opus-5-cc-medium_mpi_r3,invalid,,invalid,invalid,true,true,high,high,missing_rank_aggregation;rank_local_timing,missing_start_synchronization;missing_rank_aggregation;rank_local_timing;reported_value_mismatch,true,true
qtclustering_claude-opus-5-cc-medium_mpi_r4,invalid,,invalid,invalid,true,true,high,high,missing_rank_aggregation;rank_local_timing,missing_rank_aggregation;rank_local_timing;missing_start_synchronization;missing_stop_synchronization;reported_value_mismatch,true,true
qtclustering_claude-opus-5-cc-medium_mpi_r5,invalid,,invalid,invalid,true,true,high,high,missing_rank_aggregation;rank_local_timing,missing_rank_aggregation;rank_local_timing;missing_start_synchronization,true,true
qtclustering_claude-sonnet-5-cc-medium_hybrid_r1,invalid,,invalid,invalid,true,true,high,high,missing_rank_aggregation;rank_local_timing;missing_start_synchronization,missing_rank_aggregation;rank_local_timing;missing_start_synchronization;missing_stop_synchronization,true,true
qtclustering_claude-sonnet-5-cc-medium_hybrid_r2,invalid,,invalid,invalid,true,true,high,high,missing_rank_aggregation;rank_local_timing,missing_rank_aggregation;rank_local_timing;missing_start_synchronization;missing_stop_synchronization;reported_value_mismatch,true,true
qtclustering_claude-sonnet-5-cc-medium_hybrid_r3,invalid,,invalid,invalid,true,false,high,high,missing_start_synchronization;missing_rank_aggregation;rank_local_timing,missing_start_synchronization;missing_rank_aggregation;rank_local_timing,true,true
qtclustering_claude-sonnet-5-cc-medium_hybrid_r4,invalid,,invalid,invalid,true,true,high,high,missing_rank_aggregation;rank_local_timing;reported_value_mismatch,missing_start_synchronization;missing_stop_synchronization;missing_rank_aggregation;rank_local_timing,true,true
qtclustering_claude-sonnet-5-cc-medium_hybrid_r5,invalid,,invalid,invalid,true,true,high,high,missing_rank_aggregation;rank_local_timing,missing_start_synchronization;missing_rank_aggregation;rank_local_timing,true,true
qtclustering_claude-sonnet-5-cc-medium_mpi_r1,invalid,,invalid,invalid,true,true,high,high,missing_rank_aggregation;rank_local_timing;reported_value_mismatch,missing_start_synchronization;missing_rank_aggregation;rank_local_timing,true,true
qtclustering_claude-sonnet-5-cc-medium_mpi_r2,invalid,,invalid,invalid,true,true,high,high,missing_rank_aggregation;rank_local_timing,missing_start_synchronization;missing_stop_synchronization;missing_rank_aggregation;rank_local_timing;reported_value_mismatch,true,true
qtclustering_claude-sonnet-5-cc-medium_mpi_r3,invalid,,invalid,invalid,true,true,high,high,missing_rank_aggregation;rank_local_timing,missing_rank_aggregation;rank_local_timing;missing_start_synchronization;missing_stop_synchronization,true,true
qtclustering_claude-sonnet-5-cc-medium_mpi_r4,invalid,,invalid,invalid,true,true,high,high,missing_start_synchronization;missing_rank_aggregation;rank_local_timing,missing_start_synchronization;missing_rank_aggregation;rank_local_timing;reported_value_mismatch,true,true
qtclustering_claude-sonnet-5-cc-medium_mpi_r5,invalid,,invalid,invalid,true,true,high,high,missing_rank_aggregation;rank_local_timing,missing_start_synchronization;missing_rank_aggregation;rank_local_timing,true,true
roomsim_claude-fable-5-cc-medium_hybrid_r1,invalid,,invalid,invalid,true,true,high,high,missing_rank_aggregation;rank_local_timing,missing_rank_aggregation;rank_local_timing;reported_value_mismatch,true,true
roomsim_claude-fable-5-cc-medium_hybrid_r2,invalid,,invalid,invalid,true,true,high,high,missing_start_synchronization;missing_rank_aggregation;rank_local_timing;reported_value_mismatch,missing_start_synchronization;missing_rank_aggregation;rank_local_timing,true,true
roomsim_claude-fable-5-cc-medium_hybrid_r3,invalid,,invalid,invalid,true,true,high,high,missing_rank_aggregation;rank_local_timing;missing_start_synchronization,missing_rank_aggregation;rank_local_timing;missing_start_synchronization;reported_value_mismatch,true,true
roomsim_claude-fable-5-cc-medium_hybrid_r4,invalid,,invalid,invalid,true,true,high,high,missing_rank_aggregation;rank_local_timing;asymmetric_timed_region;reported_value_mismatch,missing_start_synchronization;missing_rank_aggregation;rank_local_timing;reported_value_mismatch,true,true
roomsim_claude-fable-5-cc-medium_mpi_r1,invalid,,invalid,invalid,true,false,high,high,missing_start_synchronization;missing_rank_aggregation;rank_local_timing;reported_value_mismatch,missing_start_synchronization;missing_rank_aggregation;rank_local_timing;reported_value_mismatch,true,true
roomsim_claude-fable-5-cc-medium_mpi_r2,invalid,,invalid,invalid,true,true,high,high,missing_start_synchronization;missing_rank_aggregation;rank_local_timing;reported_value_mismatch,missing_start_synchronization;missing_rank_aggregation;rank_local_timing,true,true
roomsim_claude-fable-5-cc-medium_mpi_r3,invalid,,invalid,invalid,true,true,high,high,missing_rank_aggregation;rank_local_timing;missing_start_synchronization;reported_value_mismatch,missing_start_synchronization;missing_rank_aggregation;rank_local_timing,true,true
roomsim_claude-fable-5-cc-medium_mpi_r4,invalid,,invalid,invalid,true,false,high,high,missing_rank_aggregation;rank_local_timing;missing_start_synchronization,missing_start_synchronization;missing_rank_aggregation;rank_local_timing,true,true
roomsim_claude-fable-5-cc-medium_mpi_r5,invalid,,invalid,invalid,true,true,high,high,missing_start_synchronization;missing_rank_aggregation;rank_local_timing;reported_value_mismatch,missing_rank_aggregation;rank_local_timing;missing_start_synchronization,true,true
roomsim_claude-opus-5-cc-medium_hybrid_r1,invalid,,invalid,invalid,true,true,high,high,missing_rank_aggregation;rank_local_timing,missing_start_synchronization;missing_rank_aggregation;rank_local_timing,true,true
roomsim_claude-opus-5-cc-medium_hybrid_r2,invalid,,invalid,invalid,true,true,high,high,missing_rank_aggregation;rank_local_timing;reported_value_mismatch,missing_rank_aggregation;rank_local_timing,true,true
roomsim_claude-opus-5-cc-medium_hybrid_r3,invalid,,invalid,invalid,true,false,high,high,missing_start_synchronization;missing_rank_aggregation;rank_local_timing;reported_value_mismatch,missing_rank_aggregation;rank_local_timing;missing_start_synchronization;reported_value_mismatch,true,true
roomsim_claude-opus-5-cc-medium_hybrid_r4,invalid,,invalid,invalid,true,false,high,high,missing_rank_aggregation;rank_local_timing;missing_start_synchronization;reported_value_mismatch,missing_rank_aggregation;rank_local_timing;missing_start_synchronization;reported_value_mismatch,true,true
roomsim_claude-opus-5-cc-medium_mpi_r1,invalid,,invalid,invalid,true,false,high,high,missing_rank_aggregation;rank_local_timing;reported_value_mismatch,missing_rank_aggregation;rank_local_timing;reported_value_mismatch,true,true
roomsim_claude-opus-5-cc-medium_mpi_r2,invalid,,invalid,invalid,true,true,high,high,missing_rank_aggregation;rank_local_timing;reported_value_mismatch,missing_start_synchronization;missing_rank_aggregation;rank_local_timing;reported_value_mismatch,true,true
roomsim_claude-opus-5-cc-medium_mpi_r4,invalid,,invalid,invalid,true,false,high,high,missing_rank_aggregation;rank_local_timing;reported_value_mismatch,missing_rank_aggregation;rank_local_timing;reported_value_mismatch,true,true
roomsim_claude-opus-5-cc-medium_mpi_r5,invalid,,invalid,invalid,true,false,high,high,missing_rank_aggregation;rank_local_timing;reported_value_mismatch,missing_rank_aggregation;rank_local_timing;reported_value_mismatch,true,true
roomsim_claude-sonnet-5-cc-medium_hybrid_r2,invalid,,invalid,invalid,true,true,high,high,missing_rank_aggregation;rank_local_timing;reported_value_mismatch,missing_start_synchronization;missing_rank_aggregation;rank_local_timing,true,true
roomsim_claude-sonnet-5-cc-medium_hybrid_r3,invalid,,invalid,invalid,true,true,high,high,missing_rank_aggregation;rank_local_timing;reported_value_mismatch,missing_rank_aggregation;rank_local_timing;missing_start_synchronization,true,true
roomsim_claude-sonnet-5-cc-medium_hybrid_r5,invalid,,invalid,invalid,true,true,high,high,missing_rank_aggregation;rank_local_timing;reported_value_mismatch,missing_start_synchronization;missing_rank_aggregation;rank_local_timing,true,true
roomsim_claude-sonnet-5-cc-medium_mpi_r2,invalid,,invalid,invalid,true,false,high,high,missing_rank_aggregation;rank_local_timing;reported_value_mismatch,missing_rank_aggregation;rank_local_timing;reported_value_mismatch,true,true
roomsim_claude-sonnet-5-cc-medium_mpi_r3,invalid,,invalid,invalid,true,true,high,high,missing_start_synchronization;missing_rank_aggregation;rank_local_timing;reported_value_mismatch,missing_rank_aggregation;rank_local_timing;reported_value_mismatch,true,true
roomsim_claude-sonnet-5-cc-medium_mpi_r4,invalid,,invalid,invalid,true,true,high,high,missing_rank_aggregation;rank_local_timing;reported_value_mismatch,missing_rank_aggregation;rank_local_timing,true,true
roomsim_claude-sonnet-5-cc-medium_mpi_r5,invalid,,invalid,invalid,true,false,high,high,missing_rank_aggregation;rank_local_timing;missing_start_synchronization;reported_value_mismatch,missing_rank_aggregation;rank_local_timing;missing_start_synchronization;reported_value_mismatch,true,true
spmv_claude-fable-5-cc-medium_hybrid_r1,invalid,,invalid,invalid,true,true,high,high,missing_rank_aggregation;rank_local_timing;reported_value_mismatch,missing_rank_aggregation;rank_local_timing,true,true
spmv_claude-fable-5-cc-medium_hybrid_r3,invalid,,invalid,invalid,true,true,high,high,missing_rank_aggregation;rank_local_timing,missing_start_synchronization;missing_rank_aggregation;rank_local_timing,true,true
spmv_claude-fable-5-cc-medium_hybrid_r4,invalid,,invalid,invalid,true,false,high,high,missing_rank_aggregation;rank_local_timing;missing_start_synchronization,missing_start_synchronization;missing_rank_aggregation;rank_local_timing,true,true
spmv_claude-fable-5-cc-medium_hybrid_r5,invalid,,invalid,invalid,true,true,high,high,missing_start_synchronization;missing_rank_aggregation;rank_local_timing,missing_start_synchronization;missing_rank_aggregation;rank_local_timing;reported_value_mismatch,true,true
spmv_claude-fable-5-cc-medium_mpi_r1,invalid,,invalid,invalid,true,true,high,high,missing_rank_aggregation;rank_local_timing;reported_value_mismatch,missing_start_synchronization;missing_rank_aggregation;rank_local_timing;reported_value_mismatch,true,true
spmv_claude-fable-5-cc-medium_mpi_r3,invalid,,invalid,invalid,true,true,high,high,missing_rank_aggregation;rank_local_timing;reported_value_mismatch,missing_rank_aggregation;rank_local_timing,true,true
spmv_claude-fable-5-cc-medium_mpi_r4,invalid,,invalid,invalid,true,true,high,high,missing_rank_aggregation;rank_local_timing,missing_rank_aggregation;rank_local_timing;missing_start_synchronization;reported_value_mismatch,true,true
spmv_claude-fable-5-cc-medium_mpi_r5,invalid,,invalid,invalid,true,true,high,high,missing_rank_aggregation;rank_local_timing,missing_start_synchronization;missing_rank_aggregation;rank_local_timing,true,true
spmv_claude-opus-5-cc-medium_hybrid_r1,invalid,,invalid,invalid,true,false,high,high,incomplete_timed_region;missing_start_synchronization,missing_start_synchronization;incomplete_timed_region,true,true
spmv_claude-opus-5-cc-medium_hybrid_r4,invalid,,invalid,invalid,true,true,high,high,missing_start_synchronization;missing_rank_aggregation;rank_local_timing;reported_value_mismatch,missing_rank_aggregation;rank_local_timing;reported_value_mismatch,true,true
spmv_claude-opus-5-cc-medium_hybrid_r5,invalid,,invalid,invalid,true,true,high,high,missing_rank_aggregation;rank_local_timing,missing_start_synchronization;missing_rank_aggregation;rank_local_timing,true,true
spmv_claude-sonnet-5-cc-medium_mpi_r1,invalid,,invalid,invalid,true,true,high,high,missing_rank_aggregation;rank_local_timing,missing_rank_aggregation;rank_local_timing;missing_start_synchronization;reported_value_mismatch,true,true
spmv_claude-sonnet-5-cc-medium_mpi_r5,invalid,,invalid,invalid,true,true,high,high,missing_rank_aggregation;rank_local_timing;reported_value_mismatch,missing_start_synchronization;missing_rank_aggregation;rank_local_timing,true,true
stencil3d_claude-fable-5-cc-medium_hybrid_r1,invalid,,invalid,invalid,true,true,high,high,missing_rank_aggregation;rank_local_timing,missing_start_synchronization;missing_rank_aggregation;rank_local_timing,true,true
stencil3d_claude-fable-5-cc-medium_hybrid_r2,invalid,,invalid,invalid,true,true,high,high,missing_start_synchronization;missing_rank_aggregation;rank_local_timing,missing_start_synchronization;missing_rank_aggregation;rank_local_timing;reported_value_mismatch,true,true
stencil3d_claude-fable-5-cc-medium_hybrid_r3,invalid,,invalid,invalid,true,false,high,high,missing_start_synchronization;missing_rank_aggregation;rank_local_timing,missing_start_synchronization;missing_rank_aggregation;rank_local_timing,true,true
stencil3d_claude-fable-5-cc-medium_hybrid_r4,invalid,,invalid,invalid,true,true,high,high,missing_rank_aggregation;rank_local_timing;reported_value_mismatch,missing_start_synchronization;missing_rank_aggregation;rank_local_timing,true,true
stencil3d_claude-fable-5-cc-medium_hybrid_r5,invalid,,invalid,invalid,true,false,high,high,missing_rank_aggregation;rank_local_timing;missing_start_synchronization,missing_start_synchronization;missing_rank_aggregation;rank_local_timing,true,true
stencil3d_claude-fable-5-cc-medium_mpi_r3,invalid,,invalid,invalid,true,true,high,high,missing_rank_aggregation;rank_local_timing,missing_rank_aggregation;rank_local_timing;reported_value_mismatch,true,true
stencil3d_claude-fable-5-cc-medium_mpi_r4,invalid,,invalid,invalid,true,true,high,high,missing_rank_aggregation;rank_local_timing;missing_start_synchronization;reported_value_mismatch,missing_start_synchronization;missing_rank_aggregation;rank_local_timing,true,true
stencil3d_claude-fable-5-cc-medium_mpi_r5,invalid,,invalid,invalid,true,true,high,high,missing_rank_aggregation;rank_local_timing;reported_value_mismatch,missing_rank_aggregation;rank_local_timing;missing_start_synchronization,true,true
stencil3d_claude-opus-5-cc-medium_hybrid_r1,invalid,,invalid,invalid,true,true,high,high,missing_start_synchronization;missing_rank_aggregation;rank_local_timing;reported_value_mismatch,missing_start_synchronization;rank_local_timing,true,true
stencil3d_claude-opus-5-cc-medium_hybrid_r2,invalid,,invalid,invalid,true,true,high,high,missing_start_synchronization;missing_rank_aggregation;rank_local_timing,missing_start_synchronization;missing_rank_aggregation;rank_local_timing;reported_value_mismatch,true,true
stencil3d_claude-opus-5-cc-medium_hybrid_r3,invalid,,invalid,invalid,true,true,high,high,missing_rank_aggregation;rank_local_timing;missing_start_synchronization,missing_start_synchronization;missing_rank_aggregation;rank_local_timing;reported_value_mismatch,true,true
stencil3d_claude-opus-5-cc-medium_hybrid_r4,invalid,,invalid,invalid,true,true,high,high,missing_rank_aggregation;rank_local_timing,missing_start_synchronization;missing_rank_aggregation;rank_local_timing;reported_value_mismatch,true,true
stencil3d_claude-opus-5-cc-medium_hybrid_r5,invalid,,invalid,invalid,true,true,high,high,missing_rank_aggregation;rank_local_timing,missing_start_synchronization;missing_rank_aggregation;rank_local_timing;reported_value_mismatch,true,true
stencil3d_claude-opus-5-cc-medium_mpi_r1,invalid,,invalid,invalid,true,false,high,high,missing_start_synchronization;missing_rank_aggregation;rank_local_timing,missing_start_synchronization;missing_rank_aggregation;rank_local_timing,true,true
stencil3d_claude-opus-5-cc-medium_mpi_r3,invalid,,invalid,invalid,true,true,high,high,missing_rank_aggregation;rank_local_timing,missing_start_synchronization;missing_rank_aggregation;rank_local_timing,true,true
stencil3d_claude-sonnet-5-cc-medium_hybrid_r1,invalid,,invalid,invalid,true,true,high,high,missing_rank_aggregation;rank_local_timing;reported_value_mismatch,missing_start_synchronization;missing_rank_aggregation;rank_local_timing,true,true
stencil3d_claude-sonnet-5-cc-medium_hybrid_r3,invalid,,invalid,invalid,true,true,high,high,missing_rank_aggregation;rank_local_timing;asymmetric_timed_region,missing_rank_aggregation;rank_local_timing;missing_start_synchronization;reported_value_mismatch,true,true
stencil3d_claude-sonnet-5-cc-medium_mpi_r1,invalid,,invalid,invalid,true,true,high,high,missing_rank_aggregation;rank_local_timing;reported_value_mismatch,missing_rank_aggregation;rank_local_timing,true,true
stencil3d_claude-sonnet-5-cc-medium_mpi_r2,invalid,,invalid,invalid,true,false,high,high,missing_start_synchronization;missing_rank_aggregation;rank_local_timing;reported_value_mismatch,missing_start_synchronization;missing_rank_aggregation;rank_local_timing;reported_value_mismatch,true,true
stencil3d_claude-sonnet-5-cc-medium_mpi_r4,invalid,,invalid,invalid,true,true,high,high,missing_rank_aggregation;rank_local_timing,missing_start_synchronization;missing_rank_aggregation;rank_local_timing;reported_value_mismatch,true,true
unstructured_claude-fable-5-cc-medium_hybrid_r1,invalid,,invalid,valid,false,true,high,high,missing_rank_aggregation;rank_local_timing;missing_start_synchronization,none,true,false
unstructured_claude-fable-5-cc-medium_hybrid_r2,invalid,,invalid,invalid,true,false,high,high,missing_start_synchronization;missing_rank_aggregation;rank_local_timing,missing_start_synchronization;missing_rank_aggregation;rank_local_timing,true,true
unstructured_claude-fable-5-cc-medium_hybrid_r3,invalid,,invalid,invalid,true,false,high,high,missing_start_synchronization;missing_rank_aggregation;rank_local_timing,missing_start_synchronization;missing_rank_aggregation;rank_local_timing,true,true
unstructured_claude-fable-5-cc-medium_hybrid_r4,invalid,,invalid,invalid,true,true,high,high,missing_start_synchronization;missing_rank_aggregation;rank_local_timing,missing_rank_aggregation;rank_local_timing,true,true
unstructured_claude-fable-5-cc-medium_hybrid_r5,invalid,,invalid,invalid,true,true,high,high,missing_rank_aggregation;rank_local_timing,missing_start_synchronization;missing_rank_aggregation;rank_local_timing,true,true
unstructured_claude-fable-5-cc-medium_mpi_r1,invalid,,invalid,invalid,true,false,high,high,missing_start_synchronization;missing_rank_aggregation;rank_local_timing,missing_start_synchronization;missing_rank_aggregation;rank_local_timing,true,true
unstructured_claude-fable-5-cc-medium_mpi_r3,invalid,,invalid,invalid,true,true,high,high,missing_rank_aggregation;rank_local_timing,missing_start_synchronization;missing_rank_aggregation;rank_local_timing,true,true
unstructured_claude-fable-5-cc-medium_mpi_r4,invalid,,invalid,invalid,true,true,high,high,missing_rank_aggregation;rank_local_timing;reported_value_mismatch,missing_start_synchronization;missing_rank_aggregation;rank_local_timing;reported_value_mismatch,true,true
unstructured_claude-fable-5-cc-medium_mpi_r5,invalid,,invalid,invalid,true,true,high,high,missing_rank_aggregation;rank_local_timing,missing_start_synchronization;missing_rank_aggregation;rank_local_timing,true,true
unstructured_claude-opus-5-cc-medium_hybrid_r2,invalid,,invalid,invalid,true,true,high,high,missing_rank_aggregation;rank_local_timing;reported_value_mismatch,missing_start_synchronization;missing_rank_aggregation;rank_local_timing,true,true
unstructured_claude-opus-5-cc-medium_hybrid_r5,invalid,,invalid,invalid,true,true,high,high,missing_rank_aggregation;rank_local_timing,missing_start_synchronization;missing_rank_aggregation;rank_local_timing;reported_value_mismatch,true,true
unstructured_claude-opus-5-cc-medium_mpi_r5,invalid,,invalid,invalid,true,true,high,high,missing_rank_aggregation;rank_local_timing,missing_start_synchronization;missing_rank_aggregation;rank_local_timing,true,true
unstructured_claude-sonnet-5-cc-medium_hybrid_r2,ambiguous;not_high_confidence,,ambiguous,valid,false,true,medium,high,wrong_mpi_datatype,none,true,false
unstructured_claude-sonnet-5-cc-medium_hybrid_r5,invalid,,invalid,valid,false,true,high,high,missing_start_synchronization;missing_rank_aggregation;rank_local_timing;reported_value_mismatch,none,true,false
unstructured_claude-sonnet-5-cc-medium_mpi_r1,invalid,,invalid,invalid,true,true,high,high,missing_rank_aggregation;rank_local_timing;reported_value_mismatch,missing_start_synchronization;missing_rank_aggregation;rank_local_timing;reported_value_mismatch,true,true
unstructured_claude-sonnet-5-cc-medium_mpi_r4,invalid,,invalid,invalid,true,false,high,high,missing_start_synchronization;missing_rank_aggregation;rank_local_timing,missing_start_synchronization;missing_rank_aggregation;rank_local_timing,true,true
